,id,Loai_meo,Chi_tiet,Gioi_tinh,Tuoi,vacxin
0,00c888ec0534469bbc10a09d6e155264,Munchkin,"mèo Munchkin (chân ngắn), Scottish Fold (tai cụp)",đực,2 tháng,chưa
1,04978864907747458f218ee11286f331,Anh lông ngắn,mèo Anh lông ngắn (British Shorthair),đực,02 tháng,đã tiêm 2 mũi
2,0a0e0bf67fdc4ee3a4c7a716d892dd74,Anh lông ngắn,"mèo Anh lông ngắn (British Shorthair), Munchkin (chân ngắn)",đực,02 tháng,đã tiêm 2 mũi
3,0a396befee054384a24bfcff8ce30811,Anh lông ngắn,"mèo Anh lông ngắn (British Shorthair), Munchkin (chân ngắn)",đực,02 tháng,chưa
4,0c5cfd3ae64c4438a8607539c4ea5648,Anh lông ngắn,mèo Anh lông ngắn (British Shorthair),cái,02 tháng,chưa
5,0ca568c23dc942cea8c4d4bbbc5dcc47,Anh lông ngắn,mèo Anh lông ngắn (British Shorthair),cái,02 tháng,chưa
6,0fb5c0bced05414e89bba3a71f816f59,Anh lông ngắn,mèo British Shorthair (ALN),đực ,2 tháng,đã tiêm 2 mũi
7,18c00d7bada9450892d40640f521ae3b,Anh lông dài,"mèo Anh lông dài (British Longhair), Ald",cái,2 tháng,đã tiêm 2 mũi
8,1d28760ae75148768b55d7672f4077cf,Scottish,"mèo British Shorthair (ALN), Scottish (tai cụp)",đực,2 tháng,chưa
9,1f209370b51d449eafd23a2fe8d68b22,Anh lông ngắn,mèo Anh lông ngắn (British Shorthair),cái,02 tháng,chưa
10,29bb0496208c45beaad2750b7e9251dd,Anh lông ngắn,mèo Anh lông ngắn (British Shorthair),đực,02 tháng,đã tiêm 2 mũi
11,2ac5a80d7ee74d1aa152042ef078c6b0,Anh lông ngắn,mèo Anh lông ngắn (British Shorthair),đực,02 tháng,chưa
12,2bbbeabb66af40fb8cece30eb8b77657,Toyger,"mèo Toyger, Màu sắc: Brown Backerel Tabby",đực,04 tháng,chưa
13,2e443518f1fe435a8e73891f6a8771a1,Scottish,mèo Scottish Fold tai cụp,cái,2 tháng,chưa
14,2f36788c381042858a474bb9ab29cfbd,Anh lông ngắn,mèo Anh lông ngắn (British Shorthair),06 đực,02 tháng,đã tiêm 2 mũi
15,39188d85937c44d6903404e026ad9362,Anh lông ngắn,"mèo Anh lông ngắn (British Shorthair, Aln)",đực,2 tháng,đã tiêm 2 mũi
16,4371f855d0b341a09ae4c593298ccfe6,Anh lông ngắn,"mèo Anh lông ngắn (British Shorthair, Aln)",cái,2 tháng,đã tiêm 2 mũi
17,43ad8ac74b534c89876204054aa90397,Anh lông ngắn,"mèo Anh lông ngắn (British Shorthair, Aln), Scottish Fold (tai cụp)",đực,2 tháng,chưa
18,461f5121cdcb44be9c7dac1a22234b2d,Scottish,mèo Scottish Fold,cái,12 tháng,đã tiêm 2 mũi
19,4a4e906d5e9048e6bf53de96b76028a9,Anh lông ngắn,"mèo Anh lông ngắn (British Shorthair, Aln)",đực,2 tháng,đã tiêm 2 mũi
20,4d3ec27e458d436c8422768d6e1324d2,Anh lông ngắn,mèo Anh lông ngắn (British Shorthair),đực,4 tháng,chưa
21,50051ebfb2604d70b411749e7adb81f4,Anh lông ngắn,mèo Anh Lông Ngắn,đực,12 tháng,chưa
22,517fbca7ab844b3cbb5ff74115e9b3fc,Anh lông ngắn,"mèo Anh lông ngắn (British Shorthair, Aln)",đực,2 tháng,đã tiêm 2 mũi
23,57ec677f17af4533aa5ecf7d3067e537,Munchkin,"mèo Munchkin (chân ngắn), Scottish Fold (tai cụp)",cái,2 tháng,đã tiêm 2 mũi
24,59278e2ca59f487c9a3306069930f4ef,Anh lông ngắn,mèo Anh lông ngắn (British Shorthair),đực,2 tháng,đã tiêm 2 mũi
25,5f0902f31ba2458ebc46643ebfdbdcd7,Scottish,mèo Scottish Fold,đực,3 tháng,đã tiêm 2 mũi
26,5f3ab27b95c44e71aa920e067dfdde83,Anh lông ngắn,mèo Anh lông ngắn (British Shorthair),đực,2 tháng,đã tiêm 2 mũi
27,6450afdb7ef04986b77abf3d6e5783e1,Anh lông ngắn,mèo Anh lông ngắn (British Shorthair),đực,2 tháng,chưa
28,68cde6789eb046dbbed44fa3126e35fc,Anh lông ngắn,mèo Anh lông ngắn (British Shorthair),cái,02 tháng,đã tiêm 2 mũi
29,6b5d520d1ebd4887a2200cfd18e44034,Anh lông ngắn,mèo Anh lông ngắn (British Shorthair),đực,2 tháng,đã tiêm 2 mũi
30,6bb8e23875fe488b98bb254d6ce1cddc,Munchkin,mèo Munchkin,đực,2 tháng,đã tiêm 2 mũi
31,70d0d6d5c29b4ccab17755bde848a33d,Anh lông dài,"mèo Anh lông dài (British Longhair), Ald, Scottish Fold (tai cụp)",cái,2 tháng,đã tiêm 2 mũi
32,764842ba3f9e4ccbb275a5c6ff5a8f36,Munchkin,mèo Munchkin,đực,2 tháng,chưa
33,77ca60f712c34f08af7feab9a82f7a2b,Munchkin,mèo Munchkin (chân ngắn),cái,2 tháng,đã tiêm 2 mũi
34,793a2e23ced146afb26ee031a2f5577e,Munchkin,mèo Munchkin (chân ngắn),01 cái 01 đực,2 tháng,đã tiêm 2 mũi
35,835b967612444fae8630b33ee44571da,Scottish,mèo Scottish (tai cụp) lông ngắn,cái,2 tháng,chưa
36,836d8a1b403747179656e090667d9e54,Munchkin,mèo Munchkin (chân ngắn),cái,2 tháng,chưa
37,851eef60d3c146bcac38f66091b3f409,Munchkin,mèo Munchkin (chân ngắn),đực,2 tháng,chưa
38,87a44f3574db4f918d27a67cc1dd9237,Munchkin,mèo Munchkin,đực,2 tháng,chưa
39,8997beb1e3fb492b9fdf308b73762136,Munchkin,mèo Munchkin,đực,4 tháng,đã tiêm 2 mũi
40,8bf88bb8674945b3818b3b142eb1ea3e,Anh lông ngắn,"mèo Anh lông ngắn (British Shorthair, Aln)",đực,10 tháng,chưa
41,8f2cd4251158448a8e3ea1b80e911efd,Munchkin,"mèo Munchkin (chân ngắn), Scottish Fold (tai cụp)",đực,2 tháng,đã tiêm 2 mũi
42,952f6bfef6be43eea67d1f7e00321dcc,Scottish,"mèo Scottish lông dài, ngắn",đực Tuổi: 2 tháng,2 tháng,chưa
43,a2fe91a450424bf29bb237f5b78c75bd,Anh lông ngắn,"mèo Anh lông ngắn (British Shorthair, Aln)",đực,2 tháng,chưa
44,a38cb2653fb1461abca2a08b654935b2,Ragdoll,mèo Ragdoll,đực,2 tháng,chưa
45,ad4fb162e9ed44cc9f0513470ba75868,Scottish,"mèo British Shorthair (ALN), Scottish (tai cụp)",cái,2 tháng,đã tiêm 2 mũi
46,b568e7b947854a5eb057a262ffc4d08c,Scottish,mèo Scottish Fold,đực,3 tháng,đã tiêm 2 mũi
47,b60318ec10e54b8ea10264a4c99d1cad,Munchkin,mèo Munchkin,đực,2 tháng,chưa
48,b6e72d20283449c6b231f03c343a3b99,Scottish,Scottish Fold tai cụp,cái,2 tháng,đã tiêm 2 mũi
49,b838284557d44b9cae89c8c2f141dffb,Anh lông ngắn,"mèo Anh lông ngắn (British Shorthair, Aln)",đực,2 tháng,đã tiêm 2 mũi
50,bbab29c284684e45ab0b02d0fb010124,Anh lông dài,"mèo Anh lông dài (British Longhair), Ald",cái,2 tháng,đã tiêm 2 mũi
51,c385d7d7657b4cac9c2c8033b2eb7dfd,Munchkin,mèo Munchkin (chân ngắn),cái,2 tháng,chưa
52,c846291334444c31b95f798175586a0b,Anh lông ngắn,mèo Anh lông ngắn (British Shorthair),đực,02 tháng,đã tiêm 2 mũi
53,cad90d8a5f004f6785ccb952baebb10f,Anh lông ngắn,mèo Anh lông ngắn (British Shorthair),cái,02 tháng,chưa
54,d3db976edc3e42458e5eba30bc7a9a0b,Anh lông ngắn,mèo Anh lông ngắn (British Shorthair),cái,02 tháng,đã tiêm 2 mũi
55,d6bc213afccb499f83e0120502299acc,Anh lông dài,"mèo Anh lông dài (British Longhair), Ald",cái,2 tháng,đã tiêm 2 mũi
56,d76be48e7edc4bfbb7b8e970daeac6ae,Anh lông dài,"mèo Anh lông dài (British Longhair), Ald",cái,2 tháng,đã tiêm 2 mũi
57,d8d0c2147f4f4707a6a8ba8ae67184db,Anh lông dài,"mèo Anh lông dài (British Longhair), Ald",02 cái,2 tháng,đã tiêm 2 mũi
58,da4ac4fab9b047979b999426538b6cf7,Munchkin,mèo Munchkin (chân ngắn) & Scottish (tai cụp),cái,2 tháng,chưa
59,dcd9da84e5c548289fc73909acf8ecce,Anh lông dài,"mèo Anh lông dài (British Longhair), Ald, Scottish Fold (tai cụp)",02 cái 01 đực,2 tháng,đã tiêm 2 mũi
60,ddd9f6057f124572b42d6e8348824955,Scottish,mèo Scottish (tai cụp),cái,2 tháng,chưa
61,e33b282e292b4cb1ae456c95fd613ad7,Anh lông ngắn,mèo Anh lông ngắn (British Shorthair),đực,02 tháng,đã tiêm 2 mũi
62,f2448f600ade4c6fa6cb82073be03b4b,Scottish,"mèo British Shorthair (ALN), Scottish (tai cụp)",cái,3 tháng,chưa
63,f3ae7dd7db384ec08c2d7b33fb76c1ff,Munchkin,"mèo Munchkin (chân ngắn), Scottish Fold (tai cụp)",cái,2 tháng,đã tiêm 2 mũi
64,f3f7a4cc09bf440fae1fab57294b18f3,Scottish,mèo Scottish Fold,đực,2 tháng,đã tiêm 2 mũi
65,f777ddfd126c4a1eaa68a1fe479eb098,Munchkin,mèo Munchkin (chân ngắn),đực,2 tháng,chưa
66,fac338e451794ea3949adb4400527704,Scottish,mèo Scottish Fold,đực,15 tháng,chưa
67,0003a955d84341db92b1e65cb9e5c94f,Anh lông ngắn,"mèo British Shorthair (Anh lông ngắn, Aln)",đực,2 tháng,chưa
68,009a8022c76e4fbfacbf8d050efc7d3a,Anh lông ngắn,"mèo Scottish tai cụp, Anh lông ngắn",02 đực 02 cái Tuổi: 2 tháng,2 tháng,chưa
69,01a3ce8f21974874b24b4df6e3ebbe65,Munchkin,"mèo Munchkin chân ngắn, Màu sắc: tuxedo",đực,2 tháng,đã tiêm 2 mũi
70,01c7326aa5984356a56be9acdeb37241,Anh lông ngắn,mèo Anh lông ngắn (British Shorthair),đực,02 tháng,chưa
71,0221d649261d4f87937ab701bef02295,Anh lông ngắn,mèo Anh lông ngắn (British Shorthair),đực,02 tháng,đã tiêm 2 mũi
72,0249eaeb38cd4ffc8491f54c56477e4f,Anh lông ngắn,mèo Anh lông ngắn (British Shorthair),đực,2 tháng,đã tiêm 2 mũi
73,027eb8f937224ddf9e265315d103832e,Anh lông ngắn,mèo Anh lông ngắn (British Shorthair),cái,02 tháng,đã tiêm 2 mũi
74,0537a1e027af4c36a85f37d8bba0b226,Anh lông ngắn,mèo Anh lông ngắn (British Shorthair),cái,02 tháng,đã tiêm 2 mũi
75,0557673ec5de455da443201495fe9da1,Ragdoll,mèo Ragdoll,cái,3 tháng,đã tiêm 2 mũi
76,063d707e4e6449be9982727c46ba5a6b,Anh lông ngắn,mèo Anh lông ngắn (British Shorthair),đực,02 tháng,chưa
77,069e95b13da74d73a975c58cc2dbe4ea,Anh lông dài,mèo Anh lông dài,đực,2 & 5 tháng,chưa
78,07354546870b4875aed9a02d7e71ef4f,Anh lông ngắn,mèo Anh lông ngắn (British Shorthair),đực,2 tháng,đã tiêm 2 mũi
79,07d8eaa780a14db2861f1675780205d8,Munchkin,mèo Munchkin (chân ngắn),cái,3 tháng,chưa
80,081982bc344e448fac73d95359a68476,Anh lông dài,"mèo Anh lông dài (British Longhair), Ald, Scottish Fold (tai cụp)",đực,2 tháng,đã tiêm 2 mũi
81,082ab41aa0964a8ca28512498d903744,Bengal,mèo báo Bengal,đực,trưởng thành,chưa
82,0879d7f463cd4e348e0806b2f9a0dace,Anh lông ngắn,mèo Anh lông ngắn (British Shorthair),đực,2 tháng,chưa
83,0b53fbf465054930871d85a9bc245487,Scottish,Scottish Fold tai cụp,cái,2 tháng,đã tiêm 2 mũi
84,0cf69c4dcaab479495e472a7e3ab9791,Anh lông dài,"mèo Anh lông dài (British Longhair), Ald",cái,2 tháng,chưa
85,0d1cac84a22846a2acf5510c02caee94,Anh lông ngắn,"mèo Anh lông ngắn (British Shorthair, Aln)",đực,2 tháng,đã tiêm 2 mũi
86,0dbf1fb5b11146938711964c46b1bbd4,Anh lông ngắn,"mèo Anh lông ngắn (British Shorthair, Aln)",đực,2 tháng,chưa
87,0ea48d9f526a433cad81e17f7d706895,Anh lông ngắn,mèo Anh lông ngắn (British Shorthair),cái,trưởng thành,đã tiêm 2 mũi
88,0eb0f393566f44eda50ec487dbfd35ec,Anh lông ngắn,mèo Anh lông ngắn (British Shorthair),cái,6 tháng,chưa
89,0fc8eab576dc4f349f2f68d57654465c,Scottish,mèo Scottish (tai cụp),cái,2 tháng,đã tiêm 2 mũi
90,1096023ab25f466687367a5e2c8d9fe7,Scottish,mèo Scottish Fold tai cụp,đực ,2 tháng,chưa
91,10a743615ed74f8bbcf7a407d90088d9,Anh lông ngắn,"mèo Anh lông ngắn (British Shorthair, Aln), Màu sắc: lilac, Giới tính: đực",đực,2 tháng,chưa
92,147f26653aff4d1ca9ba64fb0b568052,Anh lông ngắn,mèo Anh Lông Ngắn,đực,12 tháng,chưa
93,14e5d4d7768c4013a9a2a872c4c4d6c7,Anh lông ngắn,mèo Anh lông ngắn (British Shorthair),02 cái 01 đực,02 tháng,đã tiêm 2 mũi
94,15ba446564f94a85a8d86f66fe0e4f08,Anh lông ngắn,"mèo Anh lông ngắn (British Shorthair, Aln)",đực,2 tháng,chưa
95,17299ae48f244e7da823ee39f9750684,Anh lông ngắn,"mèo Anh lông ngắn (British Shorthair, Aln) & Anh lông dài (British Longhair), Ald",đực,2 tháng,chưa
96,17a3d2c09b41412291e1b7f095b509df,Anh lông ngắn,"mèo Anh lông ngắn (British Shorthair, Aln)",đực,5 tháng,chưa
97,187e0bbb5bc9410d8cb4420203905b83,Anh lông ngắn,"mèo Anh lông ngắn (British Shorthair, Aln)",đực,3 tháng,đã tiêm 2 mũi
98,1a4eeadf9f184fbb936de9853cf877aa,Munchkin,mèo Munchkin (chân ngắn) & Scottish (tai cụp),cái,2 tháng,đã tiêm 2 mũi
99,1a59eaa2a29f4c259e220705df11b191,Anh lông dài,"mèo Anh lông dài (British Longhair), Ald, Scottish Fold (tai cụp)",đực,2 tháng,chưa
100,1a5b69bb92e34805a15781b8799b9935,Anh lông ngắn,"mèo Anh lông ngắn (British Shorthair, Aln), Màu sắc: xám xanh",đực,2 tháng,đã tiêm 2 mũi
101,1b7dcef0bb9641b980301e7ea0820b35,Munchkin,mèo Munchkin chân ngắn,đực,2 tháng,đã tiêm 2 mũi
102,1b9a6c5d70654b74ac4385dd88bbd4c3,Anh lông ngắn,"mèo Anh lông ngắn (British Shorthair, Aln) & Scottish Fold tai cụp",đực,2 tháng,đã tiêm 2 mũi
103,1ce5e241bddb46f5bb088dff2e133e17,Anh lông ngắn,"mèo Anh lông ngắn (British Shorthair, Aln), Màu sắc: Bicolor",đực,2 tháng,đã tiêm 2 mũi
104,1fc4fd986db14b2189805679cac88122,Munchkin,mèo Munchkin,cái,2 tháng,đã tiêm 2 mũi
105,207194462c6342e394edbe9850fba7cc,Scottish,mèo Scottish Fold,đực,3 tháng,đã tiêm 2 mũi
106,23cb13a73bc043f49fb277999ecc4667,Ragdoll,mèo Ragdoll,cái,3 tháng,chưa
107,2538e9eecc5d4d9da3d530644e82fe25,Anh lông ngắn,mèo Anh lông ngắn (British Shorthair),cái,2 tháng,đã tiêm 2 mũi
108,2632ed09fba64adc8e7d62113b15f503,Maine,mèo Maine Coon (mèo Mỹ lông dài),cái,5 tháng,chưa
109,26a1545c1194402daf2606cf4c3c34b9,Scottish,mèo Scottish (tai cụp),đực,trưởng thành,đã tiêm 2 mũi
110,28de459ba0894b0b932fcc0bcda927f0,Anh lông ngắn,"mèo Anh lông ngắn (British Shorthair, Aln)",đực,2 tháng,chưa
111,29e8009227f8452c97d6999da2cef730,Munchkin,mèo Munchkin,đực (đàn 3 bé),2 tháng,đã tiêm 2 mũi
112,2a732a2b583346ceb12dcc17b13475d0,Ragdoll,mèo Ragdoll,đực,3 tháng,chưa
113,2bcccb9171374e2585d0569ec41592b5,Anh lông ngắn,mèo Anh lông ngắn (British Shorthair),đực,2 tháng,chưa
114,2bf89b9def024061ae36bd0d0fc49266,Anh lông ngắn,"mèo Anh lông ngắn (British Shorthair, Aln)",đực,2 tháng,chưa
115,2c5d0fc8461f4cb7851311f5cba7b447,Anh lông ngắn,"mèo Anh lông ngắn (British Shorthair, Aln)",đực,2 tháng,chưa
116,2ce855a2654943e4b589e2ac0f654382,Anh lông dài,"mèo Anh lông dài (British Longhair), Ald, Scottish (tai cụp)",cái,2 tháng,chưa
117,2d6dcceeba534849bc777d681688002f,Scottish,mèo Scottish (tai cụp),cái,2 tháng,chưa
118,2f1df0a5741343ac87d000e2fc81e051,Anh lông ngắn,mèo Anh lông ngắn (British Shorthair),đực,2 tháng,chưa
119,2fed4389eece48319438669f7022b77e,Anh lông ngắn,"mèo Anh lông ngắn (British Shorthair, Aln), Munchkin (chân ngắn), tai cụp",01 cái 01 đực,3 tháng,chưa
120,30fd0fa83bfe4b2b82ba81e3d5370f9c,Anh lông dài,"mèo Anh lông dài (British Longhair), Ald, Scottish Fold (tai cụp)",đực,2 tháng,chưa
121,3260e1e13cd54279b3db4bf80c89e83e,Anh lông dài,"mèo Anh lông dài (British Longhair), Ald, Scottish Fold (tai cụp)",đực,2 tháng,đã tiêm 2 mũi
122,345d3739e94d4166b25ac0ba4053603d,Munchkin,mèo Munchkin (chân ngắn) & Scottish (tai cụp),đực,2 tháng,đã tiêm 2 mũi
123,36dadd439bff431895cae6d8c1df0b1e,Munchkin,mèo Munchkin,đực,2 tháng,chưa
124,3701bb4534484b758a0042e562eb2024,Munchkin,"mèo Munchkin chân ngắn tai cụp, Màu sắc: bicolor",đực ,2 tháng,chưa
125,38374a31ea9948de99dfbad5d29ea1bf,Munchkin,mèo Munchkin,đực,2 tháng,chưa
126,3892d8f40e7a4e5ca44ecf552bf46748,Anh lông ngắn,Mèo Anh lông ngắn Aln (Brittish Shorthair),đực,12 tháng,đã tiêm 2 mũi
127,38d271fa811348a0865e7fd1425e9439,Munchkin,mèo Munchkin (chân ngắn) & Scottish (tai cụp),cái,2 tháng,đã tiêm 2 mũi
128,398da0bf874a4ff7a59630ab61ce9475,Munchkin,mèo Munchkin,đực ,2 tháng,chưa
129,39af9f11feb846ed89962fea7712da7c,Scottish,Scottish Fold tai cụp,02 đực,2 tháng,đã tiêm 2 mũi
130,3a8ea6754c1e4542b4abdb679d75472f,Scottish,Scottish Fold tai cụp,đực,2 tháng,đã tiêm 2 mũi
131,3b0d6908e9414757aa72fd4daf5676db,Scottish,Scottish Fold tai cụp,đực,2 tháng,đã tiêm 2 mũi
132,4007a7ee383c43cf910dc0f0b5138075,Anh lông ngắn,"mèo Anh lông ngắn (British Shorthair, Aln)",đực,2 tháng,chưa
133,408c1e4e0d334f7a8ce419038b2c3613,Anh lông ngắn,"mèo Anh lông ngắn (British Shorthair, Aln)",đực,2 tháng,chưa
134,41ccecca9bd04ab3bd40cfccbbe6fe58,Scottish,mèo Scottish Fold,đực,2 tháng,đã tiêm 2 mũi
135,41f115071edb46e99af646522c210c20,Anh lông dài,"mèo Anh lông dài (British Longhair, Ald)",đực,2 tháng,đã tiêm 2 mũi
136,42fe9e5e5fe44648ad844a397e4efc6a,Anh lông ngắn,"mèo Anh lông ngắn (British Shorthair, Aln), Màu sắc: Bicolor",02 cái 01 đực ,2 tháng,chưa
137,434cc5ecf1df474094f418001355aada,Anh lông ngắn,"mèo Anh lông ngắn (British Shorthair, Aln), Màu sắc: Bicolor",cái,2 tháng,chưa
138,43ebf87e05834365ab23b66fe608ebb1,Anh lông ngắn,mèo Anh lông ngắn (British Shorthair),cái,trưởng thành,đã tiêm 2 mũi
139,445368ef48924e6f8b05c2a25ac2bb56,Munchkin,mèo Munchkin (chân ngắn) & Scottish (tai cụp),cái,2 tháng,đã tiêm 2 mũi
140,448196f15f324c26ab3d077a66dfbc70,Anh lông dài,"mèo Anh lông dài (British Longhair), Ald, Scottish Fold (tai cụp)",đực,2 tháng,chưa
141,44ac583feb684195b86c9a4528608b61,Anh lông ngắn,mèo Anh lông ngắn (British Shorthair),cái,trưởng thành,chưa
142,4584174c23fb4d6aaa4b9d8c99113b3e,Munchkin,mèo Munchkin,đực,2 tháng,chưa
143,488e4a840f30470bb84af9b4b1d28da3,Anh lông ngắn,Mèo Anh lông ngắn Aln (Brittish Shorthair),cái,12 tháng,chưa
144,4940301013c0402a81bf20b95814bb3c,Anh lông dài,"mèo Anh lông dài (British Longhair), Ald",cái,2 tháng,chưa
145,4a9d2b93f88c439d876135211e799537,Scottish,mèo Scottish (tai cụp),cái,2 tháng,đã tiêm 2 mũi
146,4d0004150f644a59ab7836b6166cfaab,Munchkin,mèo Munchkin,đực,2 tháng,chưa
147,4d21b8a6180b407d86b3eb2100775372,Anh lông ngắn,mèo Anh lông ngắn (British Shorthair),cái,trưởng thành,đã tiêm 2 mũi
148,4e54a1273c4b459f98f822cd577a45b9,Anh lông dài,"mèo Anh lông dài (British Longhair), Ald",cái,2 tháng,đã tiêm 2 mũi
149,4e5c16944d1840b3b2680434a6edf8ee,Scottish,mèo Scottish Fold,đực,2 tháng,đã tiêm 2 mũi
150,4f0a6b502c8746189bf0d83780f2a571,Scottish,mèo Scottish Fold,đực,2 tháng,chưa
151,4f24c52df3714975bdfa1f6a225000f0,Scottish,mèo Scottish (tai cụp) lông ngắn,đực,2 tháng,chưa
152,4f909d1965074d0fb0d01bca706383ec,Anh lông ngắn,"mèo Anh lông ngắn (British Shorthair, Aln) & Scottish Fold tai cụp",đực,2 tháng,đã tiêm 2 mũi
153,4fdc4460a51a434297d4b9c8bb0a0931,Anh lông dài,"mèo Anh lông dài (British Longhair), Ald, Màu sắc: trắng, Giới tính: đực, Tuổi: 2 tháng",đực ,2 tháng,chưa
154,5086831b59e24255b3c034dd86f69f38,Anh lông dài,"mèo Anh lông dài (British Longhair), Ald, Scottish Fold (tai cụp)",cái,2 tháng,đã tiêm 2 mũi
155,50923969fe4142b19346e25b541d72cb,Scottish,mèo Scottish tai cụp,đực,2 tháng,đã tiêm 2 mũi
156,531d2dddd20f40dc9ddf364e3b944057,Anh lông dài,"mèo Anh lông dài (British Longhair), Ald",đực,2 tháng,chưa
157,54bd6e54379344a7b6f15de9634d6044,Anh lông ngắn,"mèo Anh lông ngắn (British Shorthair, Aln), Màu sắc: xám xanh",đực ,2 tháng,chưa
158,54c4de99f2204eac928727625dcbb31c,Anh lông dài,"mèo Anh lông dài (British Longhair), Ald",cái,2 tháng,đã tiêm 2 mũi
159,54f1db7ba08b4c0d93f31ea24d565581,Anh lông ngắn,mèo Anh lông ngắn (British Shorthair),03 đực,02 tháng,chưa
160,557fa985a5754916ba665dcd16ef4e1a,Anh lông ngắn,mèo Anh lông ngắn (British Shorthair),đực,02 tháng,đã tiêm 2 mũi
161,56547137ece04e62b1ec923b54fc42cf,Anh lông ngắn,"mèo Anh lông ngắn (British Shorthair, Aln), Màu sắc: cinnamon, Giới tính: đực, Tuổi: 2 tháng",đực ,2 tháng,đã tiêm 2 mũi
162,56f31ff3da6d4855bd404b5de59ac662,Anh lông ngắn,"mèo Anh lông ngắn (British Shorthair, Aln), Màu sắc: xám xanh",đực ,2 tháng,chưa
163,574e8eae9f764901b6409164950a11bc,Scottish,mèo Scottish Fold tai cụp,cái,2 tháng,chưa
164,58f2e66a93c440168885883280547488,Scottish,Scottish Fold tai cụp,cái,2 tháng,đã tiêm 2 mũi
165,5af63fcaaa594dac9148693c041f626c,Anh lông ngắn,"mèo Anh lông ngắn (British Shorthair, Aln)",cái,12 tháng,đã tiêm 2 mũi
166,5be0e751eca041cfb77ad9e6fd6fb761,Anh lông ngắn,"mèo Anh lông ngắn (British Shorthair, Aln)",đực,2 tháng,đã tiêm 2 mũi
167,5c432f6e254649589aaab03c99c7d2c8,Anh lông dài,"mèo Anh lông dài (British Longhair), Ald, Màu sắc: cái, Giới tính: đực",đực,2 tháng,chưa
168,5cc3662605cb4ee39a83ce456daa3807,Scottish,Scottish Fold tai cụp,cái,2 tháng,chưa
169,5d8f16b67cce47bc96913dacfcd5d589,Anh lông dài,"mèo Anh lông dài (British Longhair), Ald, Scottish Fold (tai cụp)",cái,2 tháng,đã tiêm 2 mũi
170,5e8d1dba2fb5471ea8a224632b868371,Munchkin,mèo Munchkin,đực,12 tháng,chưa
171,5f74e99f7fa942758e13270486036649,Anh lông ngắn,"mèo Anh lông ngắn (British Shorthair, Aln)",đực,2 tháng,chưa
172,60e93c7f2022431c924d0e3a05167a26,Anh lông ngắn,"mèo Anh lông ngắn (British Shorthair, Aln)",đực,2 tháng,đã tiêm 2 mũi
173,60f31752d6f94a628e91db64a854f1b2,Anh lông ngắn,"mèo Anh lông ngắn (British Shorthair, Aln)",đực,2 tháng,chưa
174,6294833a0e204236858edd7c50daa876,Munchkin,mèo Munchkin,cái,4 tháng,đã tiêm 2 mũi
175,649ce0a5983449c58c1b8eafa3c54ffa,Scottish,mèo Scottish Fold tai cụp,cái,2 tháng,đã tiêm 2 mũi
176,64f8bb4da5db4357ab63b9a32e0dbe75,Anh lông ngắn,"mèo Anh lông ngắn (British Shorthair, Aln) & Scottish tai cụp",đực,2 tháng,chưa
177,67a32a3b4ca74b49bc1c2d0988fd9aa3,Anh lông ngắn,"mèo Anh lông ngắn (British Shorthair, Aln) & Scottish Fold tai cụp lửng, Màu sắc: Tabby",đực,2 tháng,chưa
178,6861e306074a4b5ca70fab647b3802fb,Scottish,mèo Scottish Fold tai cụp,đực,2 tháng,chưa
179,691b87b38290453c9a707486e0535737,Scottish,mèo Scottish Fold,đực,2 tháng,đã tiêm 2 mũi
180,6935a43d3fab4c3ea32315243a40b5f5,Anh lông ngắn,"mèo Anh lông ngắn (British Shorthair, Aln)",cái,2 tháng,đã tiêm 2 mũi
181,69c2974b479140b49288f82c1576ca92,Scottish,Scottish Fold tai cụp,đực,2 tháng,đã tiêm 2 mũi
182,69c6a044b91c473a85f71d2ba6422a5e,Anh lông ngắn,"mèo Anh lông ngắn (British Shorthair, Aln) & Scottish Fold tai cụp",đực,2 tháng,chưa
183,6a2bee6dc7fa44ea8e4a5412f931e960,Anh lông ngắn,"mèo Anh lông ngắn (British Shorthair, Aln)",đực,2 tháng,chưa
184,6aca21ad1e474af5999bb4288b95f905,Anh lông ngắn,"mèo Anh lông ngắn (British Shorthair, Aln)",đực,2 tháng,đã tiêm 2 mũi
185,6b1aa7eeaad54b998713c5d5891b00f9,Anh lông ngắn,"mèo Anh lông ngắn (British Shorthair, Aln), Màu sắc: Silver",đực,2 tháng,đã tiêm 2 mũi
186,6c0b2518b7b44277b014c80b15dee9a2,Anh lông ngắn,"mèo Anh lông ngắn (British Shorthair, Aln), Màu sắc: Silver",đực,2 tháng,chưa
187,6d563052465f4ba8a76c453f563868f7,Anh lông ngắn,"mèo Anh lông ngắn (British Shorthair, Aln), Màu sắc: Silver",cái,2 tháng,đã tiêm 2 mũi
188,6d9115caa755458f9a18d24beb864dbf,Munchkin,mèo Munchkin,đực ,2 tháng,chưa
189,6db381dda4374286a9313efdbf970e54,Anh lông ngắn,"mèo Anh lông ngắn (British Shorthair, Aln)",đực,2 tháng,chưa
190,6e3bdc3ab41b443b84eed9d96a295926,Munchkin,mèo Munchkin,đực Tuổi: 2 tháng,2 tháng,đã tiêm 2 mũi
191,6ecc11ed697e4cc39e4218973f715dcf,Anh lông ngắn,"mèo Anh lông ngắn (British Shorthair, Aln)",đực,2 tháng,đã tiêm 2 mũi
192,6f4c4b4d82ce4b52939e10878f6912d2,Anh lông ngắn,"mèo Anh lông ngắn (British Shorthair, Aln)",đực,2 tháng,đã tiêm 2 mũi
193,6ff1ad2fb8a5452aa6cef88065e42453,Anh lông ngắn,"mèo Anh lông ngắn (British Shorthair, Aln)",cái,2 tháng,chưa
194,70022935ec344219ab0de08510566f62,Scottish,mèo Scottish Fold,đực,2 tháng,chưa
195,70256ca77b47483897fcac45a18a5059,Anh lông ngắn,"mèo Anh lông ngắn (British Shorthair, Aln) & Scottish Fold tai cụp lửng, Màu sắc: Bicolor chocolate (hay bi-choco) ",đực,2 tháng,đã tiêm 2 mũi
196,716750b2dfe14252a8e594d94537ac49,Anh lông ngắn,"mèo Anh lông ngắn (British Shorthair, Aln) & Scottish Fold tai cụp lửng, Màu sắc: chocolate (socola, sô cô la hay choco)",đực,2 tháng,chưa
197,7250c007202b41b8a5c87ebb2990af92,Maine,mèo Maine Coon,đực,3 tháng,chưa
198,730cdca5b369430b8fcd2ea6e3b4793d,Anh lông ngắn,"mèo Anh lông ngắn (Brittish Shorthair, Aln)",cái,3 tháng,đã tiêm 2 mũi
199,73772cd4dc8540168a11f349c880c7d9,Munchkin,mèo Munchkin,đực,2 tháng,chưa
200,746033957a824cda9a44c80e25505e05,Anh lông ngắn,"mèo Anh lông ngắn (British Shorthair, Aln) & Scottish tai cụp",đực,2 tháng,đã tiêm 2 mũi
201,748966b36cc942c2b956a27bfbf85deb,Anh lông ngắn,"mèo Anh Lông Ngắn (British Shorthair, Aln) & Scottish Fold (tai cụp), Màu sắc: Golden shaded, Giới tính: đực, cái, Tuổi: 3 tháng",đực Tuổi: 3 tháng,3 tháng,đã tiêm 2 mũi
202,766c9e4507e548a992e4874eadced07c,Anh lông ngắn,"mèo Anh lông ngắn (British Shorthair), Aln, Màu sắc: golden shaded bicolor, Giới tính: cái",cái,2 tháng,chưa
203,774674beb3334d05b1a58ae5d0f4389d,Anh lông dài,"mèo Anh lông dài (British Longhair), Ald, Màu sắc: tam thể, Giới tính: cái",cái,2 tháng,đã tiêm 2 mũi
204,77a0f6433ffd4822be0b30e007cffca8,Munchkin,mèo Munchkin,đực,2 tháng,đã tiêm 2 mũi
205,77c80e39fbbc46dda71bc842fc29d788,Anh lông dài,"mèo Anh lông dài (British Longhair), Ald, Màu sắc: trắng, Giới tính: đực",đực,12 tháng,chưa
206,7815bff1fdb4429aa55681941c0a789b,Scottish,mèo Scottish Fold tai cụp,đực,2 tháng,chưa
207,7932577b0b7549d29f01c77bda975685,Munchkin,mèo Munchkin lông dài,đực,2 tháng,đã tiêm 2 mũi
208,7aec181f27e1470aa9fa4525d7ac1db3,Anh lông ngắn,"mèo Anh lông ngắn (British Shorthair, Aln)",đực,4 tháng,chưa
209,7fe64b1024e54958a2b8f1f174290c6b,Anh lông ngắn,mèo Anh lông ngắn (British Shorthair),đực,2 tháng,đã tiêm 2 mũi
210,82bc5a81d10841d490f2a8773999cdbd,Munchkin,mèo Munchkin,cái,10 tháng,đã tiêm 2 mũi
211,8375ff96b6b6419a9b6c60a6a4a51e4e,Anh lông ngắn,"mèo Anh lông ngắn (British Shorthair, Aln) & Scottish Fold tai cụp, Màu sắc: Silver",đực,2 tháng,chưa
212,843b3a6d836844c88ec93f98e60a2e6f,Scottish,mèo Scottish Fold,đực,3 tháng,đã tiêm 2 mũi
213,849c8392021241c48697acef6f1d3637,Maine,mèo Maine Coon (mèo Mỹ lông dài),cái,2 tháng,chưa
214,84f5bfddeb1b42b18056152e6aa8c4de,Anh lông ngắn,"mèo Anh lông ngắn (British Shorthair, Aln)",đực,2 tháng,chưa
215,8790688e8d7e4c22b04610d3500a71b4,Scottish,"mèo Scottish tai cụp, Màu sắc: Golden Tabby",đực,2 tháng ,chưa
216,88da005eb35b4024bdeae3358d99015d,Anh lông ngắn,"mèo Anh lông ngắn (British Shorthair, Aln)",đực,2 tháng,đã tiêm 2 mũi
217,8a7d818481f4425990bf009dc991a801,Munchkin,mèo Munchkin,đực,25 tháng,chưa
218,8a85e042961b49d38aefe7adbfaa853f,Anh lông ngắn,"mèo Anh lông ngắn (British Shorthair, Aln)",đực,2 tháng,đã tiêm 2 mũi
219,8aa900b336b0450691e90bbc025bbf7f,Anh lông dài,"mèo Anh lông dài (British Longhair), Ald",cái,2 tháng,đã tiêm 2 mũi
220,8ae15bdd91ba477b84f51fbc52551ea5,Anh lông ngắn,mèo Anh lông ngắn (British Shorthair),đực,2 tháng,đã tiêm 2 mũi
221,8af20dd4781048038d91407bc07987a4,Anh lông ngắn,"mèo Scottish, Anh Lông Ngắn",đực,2 tháng,đã tiêm 2 mũi
222,8c9094e637b141b8a43beaa039e4797c,Anh lông dài,"mèo Anh lông dài (British Longhair), Ald",03 cái,2 tháng,đã tiêm 2 mũi
223,8d90acbde8c94151b2aa00212d87ca30,Anh lông dài,"mèo Anh lông dài (British Longhair), Ald",cái,2 tháng,đã tiêm 2 mũi
224,8e7656f7285e46309000d2d026b011a9,Anh lông dài,"mèo Anh lông dài (British Longhair), Ald, tai cụp (Scottish Fold), Màu sắc: trắng, Giới tính: 02 cái, 02 đực",02 cái 02 đực,2 tháng,đã tiêm 2 mũi
225,8ed901c7f95f4cb398630a1a812bc31a,Anh lông dài,"mèo Anh lông dài (British Longhair), Ald, tai cụp (Scottish Fold), Màu sắc: trắng, Giới tính: cái",cái,2 tháng,chưa
226,8f9a3b982c554825ac53d2f4983ab36c,Anh lông dài,"mèo Anh lông dài (British Longhair), Ald, tai cụp (Scottish Fold), Màu sắc: trắng, Giới tính: cái",cái,2 tháng,đã tiêm 2 mũi
227,8fa74b7f0ead4b1fad19ec80c37ab2e9,Anh lông dài,"mèo Anh lông dài (British Longhair), Ald, tai cụp (Scottish Fold), Màu sắc: trắng, Giới tính: đực",đực,2 tháng,đã tiêm 2 mũi
228,911e5250d0e143a1adc5dd363e45ff65,Anh lông dài,"mèo Anh lông dài (British Longhair), Ald, Màu sắc: trắng, Giới tính: đực",đực,2 tháng,đã tiêm 2 mũi
229,9369fdf0317f43db88acd398cfef96fc,Scottish,mèo Scottish Fold,đực,2 tháng,đã tiêm 2 mũi
230,93e3e8ca2ca2442dab9ffd19de3e479e,Scottish,"mèo Scottish Fold tai cụp, Màu sắc: Xám xanh",đực,2 tháng,đã tiêm 2 mũi
231,94066ae7580c465099712a3c81b6187f,Munchkin,mèo Munchkin,đực,2 tháng,đã tiêm 2 mũi
232,947c22155cd14ff1b2109c55391f4495,Anh lông ngắn,"mèo British Shorthair (Anh lông ngắn, Aln)",đực,2 tháng,đã tiêm 2 mũi
233,94c538e40f854137904d76cc40632ab2,Anh lông ngắn,mèo Anh Lông Ngắn,cái,2 tháng,đã tiêm 2 mũi
234,94d14953c8b44d6eb59be765149c4d1b,Anh lông ngắn,"mèo Anh lông ngắn (British Shorthair, Aln) & Scottish Fold tai cụp",đực,2 tháng,đã tiêm 2 mũi
235,97e0d46f96aa4e3e885c0d70153bc9a5,Anh lông ngắn,"mèo Anh lông ngắn (British Shorthair, Aln), Màu sắc: bicolor xám trắng, Giới tính: đực",đực,2 tháng,chưa
236,98b3df509d6a4b99a232efb1cf340646,Scottish,Scottish Fold tai cụp,đực,2 tháng,đã tiêm 2 mũi
237,9b8fd3ddd62f4ab1875ef4c1e425b1df,Munchkin,mèo Munchkin,đực (đàn 2 bé),2 tháng,chưa
238,9bc3b09a650847928999d077f8e22f7f,Scottish,mèo Scottish (tai cụp),đực,2 tháng,chưa
239,9ced41a433a84abfa1ca71d460007a59,Anh lông dài,"mèo Anh lông dài (British Longhair), Ald",đực ,6 tháng,đã tiêm 2 mũi
240,9d47d755d1bb4aebb761ee521890987a,Anh lông ngắn,"mèo Anh lông ngắn (British Shorthair, Aln) & Scottish Fold tai cụp, Màu sắc: Silver Tabby, Silver Point",đực,2 tháng,chưa
241,9df44f170a8d4ca897c9b5b79073c974,Anh lông ngắn,mèo Anh lông ngắn (British Shorthair),cái,trưởng thành,đã tiêm 2 mũi
242,a1a09cd758b3473ea23ea4c6593a8a46,Anh lông ngắn,"mèo Anh lông ngắn (British Shorthair, Aln)",đực,2 tháng,chưa
243,a1a2441dcf664122a03d192d33161610,Munchkin,"Munchkin (chân ngắn), Scottish Fold (tai cụp)",01 cái 01 đực,3 tháng,đã tiêm 2 mũi
244,a1d76061e21b414ab16a58314756b074,Munchkin,mèo Munchkin,đực,2 tháng,chưa
245,a1e23fe4b6894e41a7ef6795806875fd,Anh lông ngắn,mèo Anh Lông Ngắn,đực,12 tháng,đã tiêm 2 mũi
246,a274c9bc6057487b8cfd092318571f67,Munchkin,mèo Munchkin,đực,2 tháng,chưa
247,a4affd0279c04abeaae90d5560147334,Munchkin,mèo Munchkin (chân ngắn),cái,04 tháng,đã tiêm 2 mũi
248,a4d504fcbde94e84ae4d52b98904c4e8,Anh lông ngắn,"mèo Anh lông ngắn (British Shorthair, Aln)",cái,2 tháng,đã tiêm 2 mũi
249,a5b2d3aa08da43c28c4313ca6541f569,Munchkin,mèo Munchkin (chân ngắn),đực,2 tháng,chưa
250,a7498f8c365346a29907b59f246c03bc,Scottish,mèo Scottish Fold,đực,2 tháng,chưa
251,a9172895099e4eadb41e635507971e1b,Anh lông dài,"mèo Anh lông dài (British Longhair), Ald, Scottish Fold (tai cụp)",đực,2 tháng,chưa
252,ab453bb8a94c4bfe8dd1bea7879ed1d9,Anh lông dài,"mèo Anh lông dài (British Longhair), Ald, Scottish Fold (tai cụp)",cái,2 tháng,đã tiêm 2 mũi
253,ac334e239a974cb7b6d41958afc6b20d,Anh lông ngắn,"mèo Anh lông ngắn (British Shorthair, Aln)",đực,2 tháng,đã tiêm 2 mũi
254,ac3c13264fa34108852d1fe9593bd7fd,Scottish,Scottish Fold tai cụp,02 đực,2 tháng,đã tiêm 2 mũi
255,acfe661756eb45be8b44819118500f62,Anh lông ngắn,mèo Anh lông ngắn (British Shorthair),đực,2 tháng,chưa
256,ad6c926174c945f8837aaacbeaafcf40,Anh lông ngắn,"mèo Anh lông ngắn (British Shorthair), Aln",cái đực,2 tháng,chưa
257,afa3199065b940d7912aef76df24fa55,Anh lông ngắn,"mèo Anh lông ngắn (British Shorthair), Aln",cái,2 tháng,chưa
258,b008a194f0224d7bb3b2df5bc411ff8d,Anh lông ngắn,"mèo Anh lông ngắn (British Shorthair, Aln)",cái Tuổi: 2 tháng,2 tháng,đã tiêm 2 mũi
259,b211e7785e0a4e3fa017403fa2e8064e,Anh lông ngắn,mèo Anh lông ngắn (British Shorthair),đực,2 tháng,đã tiêm 2 mũi
260,b2bf78559e0c4d9da7017d355c07bf42,Munchkin,mèo Munchkin,đực (đàn 2 bé),2 tháng,chưa
261,b51664e9b7ea479fbfd3b53e92a0c3ce,Anh lông ngắn,"mèo Anh lông ngắn (British Shorthair, Aln)",đực,2 tháng,chưa
262,b599ddef3d804266b3b2f6e70c23735f,Anh lông ngắn,"mèo Anh lông ngắn (British Shorthair, Aln)",đực,2 tháng,chưa
263,b62e4fbf312b40a38d376b986af34db6,Anh lông dài,"mèo Anh lông dài (British Longhair), Ald, Màu sắc: trắng, Giới tính: đực",đực,2 tháng,chưa
264,b70cab5516134424b59b475fb94892cc,Anh lông ngắn,"mèo Anh lông ngắn (British Shorthair, Aln)",đực,2 tháng,chưa
265,b8467a9bc52d4398b9864608af6f28f0,Maine,mèo Maine Coon (mèo Mỹ lông dài),đực,4 tháng,chưa
266,b88198950b0744c7a71ff0ad2b71e6b7,Maine,mèo Maine Coon (mèo Mỹ lông dài),đực,2 tháng,chưa
267,ba1e2e1c034d4c9ba4fdde65e0097ab3,Munchkin,mèo Munchkin (chân ngắn),cái,3 tháng,đã tiêm 2 mũi
268,bbbef8e7e5294de9b3f1c0f9ae4d0ed3,Anh lông ngắn,"mèo Anh lông ngắn (British Shorthair, Aln) & Scottish Fold tai cụp",đực,2 tháng,chưa
269,bf880a9789654650881328fc101b4b67,Anh lông ngắn,"mèo Anh lông ngắn (British Shorthair, Aln), Màu sắc: Bicolor",đực,trưởng thành,chưa
270,c06aed0ca64f4296a0b8f9dfe771d1e3,Anh lông ngắn,"mèo Anh lông ngắn (British Shorthair, Aln), Màu sắc: Bicolor",đực ,2 tháng,đã tiêm 2 mũi
271,c4a031d0553c4b49b3d542ada3f108ea,Anh lông ngắn,"mèo Anh lông ngắn (British Shorthair, Aln), Màu sắc: Bicolor",cái,2 tháng,đã tiêm 2 mũi
272,c856eb63844d4dc8bc2f6d20ff470b42,Munchkin,mèo Munchkin (chân ngắn) & Scottish (tai cụp),đực,2 tháng,đã tiêm 2 mũi
273,c8b4066979e448bdb7ba0be7ccce969c,Munchkin,mèo Munchkin chân ngắn,01 đực 01 cái,2 tháng,đã tiêm 2 mũi
274,c8c48cccffbe4a178d67dfc4f230359a,Anh lông ngắn,mèo Anh lông ngắn (British Shorthair),cái,2 tháng,chưa
275,c8daf5b0c1c94ac09a887a77df5bb204,Anh lông ngắn,mèo Anh lông ngắn (British Shorthair),đực,2 tháng,đã tiêm 2 mũi
276,c9cf9a5d48014b519138c33193e53704,Anh lông ngắn,mèo Anh lông ngắn (British Shorthair),01 cái 03 đực,trưởng thành 2 tháng tuổi,đã tiêm 2 mũi
277,ccd14be9cf5e44a980e0169954c01f63,Anh lông ngắn,"mèo Anh lông ngắn (British Shorthair, Aln)",đực,2 tháng,chưa
278,ce7773916e574aef853412a77ecdf588,Anh lông ngắn,mèo Anh lông ngắn (British Shorthair),đực,2 tháng,chưa
279,cea9846d79d8413eb9357ec3eb19e1ea,Scottish,"Scottish Fold tai cụp, Màu sắc: xám xanh, Giới tính: đực",đực,2 tháng,đã tiêm 2 mũi
280,cede8d137dc14f55b45f5f11f2807edd,Anh lông ngắn,"mèo Anh lông ngắn (British Shorthair, Aln)",đực,2 tháng,chưa
281,cf2553241d4744e0ac7382f7641138ee,Bengal,"mèo báo Bengal, Màu sắc: nâu, Giới tính: đực",đực,02 tháng,đã tiêm 2 mũi
282,d192c38059b741eeba24d89543f4a895,Bengal,"mèo báo Bengal, Màu sắc: nâu, Giới tính: đực",đực,02 tháng,chưa
283,d2c744bf1c1f4e2cb82c15b6320cc129,Bengal,"mèo báo Bengal, Màu sắc: snow sepia",đực,2 tháng,đã tiêm 2 mũi
284,d32535120b094a3082c4270dc464ba12,Anh lông dài,"mèo Anh lông dài (British Longhair), Ald, Màu sắc: trắng, Giới tính: cái",cái,2 tháng,đã tiêm 2 mũi
285,d36b70d129d749c2a0a443c40989dac2,Anh lông dài,"mèo Anh lông dài (British Longhair), Ald, Màu sắc: trắng, Giới tính: cái",cái,2 tháng,đã tiêm 2 mũi
286,d4f6e7b9446c450a81f4bdd7b3f222f8,Anh lông dài,"mèo Anh lông dài (British Longhair), Ald, Màu sắc: trắng, Giới tính: đực",đực,2 tháng,chưa
287,d8fa0d31c7f24376a7c19f1e68e07f40,Anh lông dài,"mèo Anh lông dài (British Longhair), Ald, Màu sắc: trắng, Giới tính: đực, cái",đực,2 tháng,chưa
288,d904a585a8154272ad6e49dbcbf0aed3,Scottish,mèo Scottish Fold tai cụp,đực ,2 tháng,đã tiêm 2 mũi
289,d9429df6866f43f2b808d09a7cab4477,Anh lông ngắn,"mèo Anh lông ngắn (British Shorthair, Aln), munchkin",01 cái 01 đực,2 tháng,chưa
290,da72fc076247417e89566e3537c41960,Anh lông ngắn,"mèo Anh lông ngắn (British Shorthair, Aln)",cái,2 tháng,chưa
291,da7a7a2bf28740128fb8b0e80780f6d1,Munchkin,mèo Munchkin,đực,12 tháng,đã tiêm 2 mũi
292,db0de28f21da4218b07b9166dc581558,Anh lông ngắn,"mèo Anh lông ngắn (British Shorthair, Aln)",đực,2 tháng,chưa
293,db13de0215f6455e94a6677097ea997c,Anh lông ngắn,"mèo Anh lông ngắn (British Shorthair, Aln), tai cụp Scottish Fold",đực,2 tháng,chưa
294,db5053b1a6a44a6188b82ed6dd498666,Anh lông ngắn,"mèo Anh lông ngắn (British Shorthair, Aln)",đực,2 tháng,chưa
295,dbb972b5a478496b8a8bcc638fd932e9,Scottish,Scottish Fold tai cụp,đực,2 tháng,chưa
296,dc31d540fa414ac89769092b5de9fba3,Scottish,Scottish Fold tai cụp,đực,2 tháng,chưa
297,dc40b27f813e40d98e2fd5b3021d95c6,Anh lông dài,"mèo Ald, Màu: trắng",cái,04 tháng,đã tiêm 2 mũi
298,dcd32536a3bb4fa8a5d660f354ffe268,Anh lông ngắn,mèo Anh lông ngắn (British Shorthair),đực,2 tháng,đã tiêm 2 mũi
299,df2fbbc2688d4eb2bf342d6496586afc,Anh lông ngắn,mèo Anh lông ngắn (British Shorthair),đực,2 tháng,đã tiêm 2 mũi
300,df3f71ce49984d1db427982e10929b88,Scottish,mèo Scottish Fold,đực,2 tháng,đã tiêm 2 mũi
301,e19fa2a46921456a8ecd5fc465218e04,Munchkin,mèo Munchkin (chân ngắn),cái,3 tháng,chưa
302,e28b8f77814b46a9bb17665fcc1c8186,Munchkin,mèo Munchkin (chân ngắn) & Scottish (tai cụp),cái,2 tháng,đã tiêm 2 mũi
303,e2d88f280e374fc2bc7b033fe8977b98,Scottish,Scottish Fold tai cụp,cái,2 tháng,đã tiêm 2 mũi
304,e4b51208c1fb458585aadc2c75be4009,Scottish,"mèo Scottish Fold, Màu sắc: Silver",cái,04 tháng,chưa
305,e7a037ef9c0743cdb3f5e3c64450b63f,Anh lông ngắn,"mèo Anh lông ngắn (British Shorthair, Aln)",cái,2 tháng,chưa
306,e7cc44eb295c44678d5f576b3066ef57,Anh lông ngắn,mèo Anh lông ngắn (British Shorthair),đực,2 tháng,đã tiêm 2 mũi
307,e8ab382d48f640348729ae0de9e31963,Munchkin,mèo Munchkin,cái,5 tháng,đã tiêm 2 mũi
308,e909096dfe254c29853a396a579c0c18,Munchkin,mèo Munchkin (chân ngắn) & Scottish (tai cụp),02 đực,2 tháng,đã tiêm 2 mũi
309,ec935aaa578a49659dec948c985958b2,Anh lông ngắn,"mèo Anh lông ngắn (British Shorthair, Aln)",đực,2 tháng,đã tiêm 2 mũi
310,ee1adf823f2b4ab996ee232f88d8bd1e,Anh lông ngắn,"mèo Anh lông ngắn (British Shorthair, Aln) & Scottish Fold tai cụp",đực,2 tháng,chưa
311,ee6ce8632af64890aa4e49a1b025bed3,Scottish,mèo Scottish Fold,đực,2 tháng,đã tiêm 2 mũi
312,efe87a03228349feb0f84083a8a2b79a,Anh lông ngắn,"mèo Anh lông ngắn (British Shorthair, Aln)",đực,2 tháng,đã tiêm 2 mũi
313,f33abeb31de44b25b9fbb5a8f2c103a5,Anh lông ngắn,"mèo Anh lông ngắn (British Shorthair, Aln)",đực,2 tháng,đã tiêm 2 mũi
314,f39f203fbb2947cbb9f4f6498183a01e,Scottish,mèo Scottish Fold,đực,2 tháng,chưa
315,f76a16701349446bbf2015a98b0719ef,Scottish,mèo Scottish Fold,đực,2 tháng,chưa
316,f76c6ad38b64407eb5064c439f7425b7,Scottish,Scottish Fold tai cụp,cái,2 tháng,chưa
317,f8b003a3e87645c78adfee12845a115c,Anh lông ngắn,mèo Anh Lông Ngắn & Scottish tai cụp,đực,12 tháng,chưa
318,fb0ba751a9dd44c690eaf1fbb4d246f0,Anh lông ngắn,"mèo Anh lông ngắn (British Shorthair, Aln) & Scottish Fold tai cụp",đực,2 tháng,đã tiêm 2 mũi
319,fd5832b25caf4ef28f69b494470a378c,Anh lông ngắn,"mèo Anh lông ngắn (British Shorthair, Aln), Scottish Fold tai cụp",đực,2 tháng,đã tiêm 2 mũi
320,ff7ac913641a4321b36976d04f597a98,Anh lông ngắn,"mèo Anh lông ngắn (British Shorthair, Aln)",đực,12 tháng,chưa
321,a333276e116541cd8f4fd01141b64f3e,Anh lông ngắn,"mèo Anh lông ngắn (British Shorthair, Aln)",đực,2 tháng,đã tiêm 2 mũi
322,06c5123b47714186871d9fbbbe3f581d,Munchkin,mèo Munchkin,đực,2 tháng,chưa
323,1cb01d94b9824811abeb10a1b4043490,Anh lông ngắn,"mèo Anh lông ngắn (British Shorthair, Aln)",đực,2 tháng,chưa
324,24840ae8ce924f66a3c9e6d65517a5df,Scottish,Scottish Fold tai cụp,cái,2 tháng,chưa
325,3d46422a663843939ebc7234c060b9bb,Anh lông dài,mèo Anh lông dài,đực,2 & 5 tháng,đã tiêm 2 mũi
326,44b56f4159fe4290965959df6d26fae7,Munchkin,mèo Munchkin,đực,2 tháng,đã tiêm 2 mũi
327,6c1205e6cc5549c88987d157dccf7d09,Anh lông ngắn,"mèo Anh lông ngắn (British Shorthair, Aln)",đực,2 tháng,chưa
328,6cafeea3a44d4be889827e29e12e43d0,Anh lông ngắn,"mèo Anh lông ngắn (British Shorthair, Aln)",đực,2 tháng,đã tiêm 2 mũi
329,71b0a894f1314db9b91bf63b260fb60d,Scottish,mèo Scottish Fold,cái,2 tháng,chưa
330,73d363d2ad42482e98951f5baf9919fd,Munchkin,mèo Munchkin,đực,2 tháng,chưa
331,8c71fd5594ad4b2dae74619a9fd44041,Scottish,mèo Scottish Fold tai cụp,đực,2 tháng,chưa
332,9a272f162c2342719717173f65a66636,Anh lông ngắn,"mèo Anh lông ngắn (British Shorthair, Aln)",đực,2 tháng,chưa
333,a3a4dacc1c524132a34d7046f8a65988,Scottish,mèo Scottish Fold,đực,2 tháng,chưa
334,a54cc8f99b75473b828fd0f06918f334,Scottish,"mèo Scottish Fold tai cụp, Màu sắc: xám xanh, Giới tính: đực, Tuổi: 2 tháng",đực ,2 tháng,đã tiêm 2 mũi
335,a9acd1a867b4416cb39489eb706897e7,Ragdoll,mèo Ragdoll,đực,2 tháng,đã tiêm 2 mũi
336,b123ecb84afb4218a6e1f037e8cd1b29,Scottish,Scottish Fold tai cụp,cái,2 tháng,chưa
337,bcad4196845b4bebb590c732f121f0af,Anh lông dài,"mèo Anh lông dài (British Longhair), Ald, Màu sắc: trắng, Giới tính: cái",cái,2 tháng,đã tiêm 2 mũi
338,c6763771dea44d99ade87b8079faa779,Anh lông ngắn,"mèo Anh lông ngắn (British Shorthair, Aln) & Scottish Fold tai cụp",đực,2 tháng,chưa
339,e8d3f3943b1b42eaadd0374b405d18a1,Maine,mèo Maine Coon (mèo Mỹ lông dài),đực,6 tháng,chưa
340,fe2489c53afe4ab58cef4516864e1164,Maine,mèo Maine Coon (mèo Mỹ lông dài),đực,6 tháng,chưa
341,20c67edf5cc243628bcdd8476fde240b,SPHYNX,"mèo Sphynx không lông (mèo Ai Cập, nhân sư",cái,2 tháng,chưa
342,232b1a5b303b4663b452b5d9ab24d38a,SPHYNX,"mèo Sphynx không lông (mèo Ai Cập, nhân sư",đực,2 tháng,đã tiêm 2 mũi
343,2776a4588291420a9945c0ea8c9c2da5,Scottish,"Mèo Scottish Fold tai cụp, Màu sắc: Silver",đực,2 tháng,đã tiêm 2 mũi
344,479cdfdf985749019c3ccaacf076945a,Scottish,"Mèo Scottish Fold tai cụp, Màu sắc: Silver",cái Tuổi: 2 tháng,2 tháng,đã tiêm 2 mũi
345,48ad329feace450abadb3dc4d96b67c2,Anh lông ngắn,"Mèo Anh lông ngắn Aln (British Shorthair), Giới tính: đực",đực,2 tháng,chưa
346,4ef62b422e984ed1a20298592c3fac23,Anh lông ngắn,"Mèo Anh lông ngắn (British Shorthair) Aln, Scottish Fold tai cụp, Màu sắc: Silver",đực Tuổi: 2 tháng,2 tháng,đã tiêm 2 mũi
347,7afedbb63b794626901c6b8615cad980,Scottish,"mèo Scottish Fold tai cụp, Màu sắc: tabby, Giới tính: cái, Tuổi: 2 tháng",cái Tuổi: 2 tháng,2 tháng,chưa
348,8901ad97ca734e5eb398dd69009d724c,Anh lông dài,"mèo Anh lông dài (British Longhair), Ald, Màu sắc: bicolor, Giới tính: đực",đực,2 tháng,chưa
349,8f351cb9d4ad4d8b94cd549a9344422b,Anh lông ngắn,mèo Anh lông ngắn,đực,2 tháng,chưa
350,8f39ecda906845cea2493d0c520aa13b,Anh lông ngắn,"mèo Anh lông ngắn (British Shorthair, Aln), Màu sắc: xám xanh",đực,2 tháng,chưa
351,d554b946c2ba477faca391791fda1961,Scottish,mèo Scottish Fold,đực,2 tháng,chưa
352,02d50ade804b4c67ad39f84280757674,Anh lông ngắn,"mèo Anh lông ngắn (British Shorthair, Aln), Màu sắc: Silver",đực ,4 tháng,chưa
353,0429e7c34327479aa344f6d5e20b96c5,Anh lông ngắn,"mèo Anh lông ngắn (British Shorthair, Aln)",đực,2 tháng,đã tiêm 2 mũi
354,05c19e482b3a421097f87599a340656b,Bengal,"mèo báo Bengal, Màu sắc: nâu, Giới tính: đực",đực,03 tháng,đã tiêm 2 mũi
355,0ab1245f6f46459ebe385ecda1ef9105,Anh lông ngắn,"mèo Anh lông ngắn (British Shorthair, Aln) & Scottish tai cụp",đực,2 tháng,chưa
356,0b56f8e8092a47df8e8b4d947c559dbb,Munchkin,mèo Munchkin,đực,2 tháng,chưa
357,0eadc87cee104f82b373d0f6623d0611,Munchkin,mèo Munchkin,đực,2 tháng,chưa
358,1018b49186f245d59b1cdbe2182b0917,Munchkin,mèo Munchkin,đực Tuổi: 2 tháng,2 tháng,chưa
359,12785472dbd240fc99bb74b6b7e3edaf,Anh lông ngắn,"mèo Anh lông ngắn (British Shorthair, Aln)",cái,2 tháng,đã tiêm 2 mũi
360,1349bd8a9a4c4d71a55cc87fa12052b0,Anh lông ngắn,"mèo Anh lông ngắn (British Shorthair, Aln)",đực,2 tháng,đã tiêm 2 mũi
361,17078c34a44a4729a2e488d635cd7337,Anh lông ngắn,"mèo Anh lông ngắn (British Shorthair, Aln)",đực,2 tháng,chưa
362,1cc2c0fc6bff4ecc9db16229fd3e8c01,Anh lông ngắn,"mèo Anh lông ngắn (British Shorthair, Aln)",đực,12 tháng,đã tiêm 2 mũi
363,1f8c6403e60942b4a426df228ee32b6c,Anh lông ngắn,"mèo Anh lông ngắn (British Shorthair, Aln)",cái,2 tháng,chưa
364,21d28e6fe5b74018bdf5ec9e71538066,Maine,mèo Maine Coon,cái,3 tháng,chưa
365,22f44293b08a4a3ab10a0b40abc8b9ae,Anh lông ngắn,"mèo Anh lông ngắn (British Shorthair, Aln)",đực,2 tháng,đã tiêm 2 mũi
366,2471b66e0ea0407190baea94d68ff59b,Anh lông ngắn,"mèo Anh lông ngắn (British Shorthair, Aln), Màu sắc: xám xanh",cái,2 tháng,chưa
367,26663bac037a4be38fb17907b54e1f40,Anh lông ngắn,"mèo Anh lông ngắn (British Shorthair, Aln), Màu sắc: xám xanh",đực,2 tháng,chưa
368,28a2cc404a4a4a5dad62839a9747625c,Anh lông ngắn,"mèo Anh lông ngắn (British Shorthair, Aln), Màu sắc: xám xanh",cái,2 tháng,đã tiêm 2 mũi
369,2be7942bcbbc40f0928167c1fe6d8d06,Anh lông ngắn,"mèo Anh lông ngắn (British Shorthair, Aln), Màu sắc: xám xanh",đực,2 tháng,đã tiêm 2 mũi
370,2c770540cb60403c814bed0e50e70434,Anh lông ngắn,"mèo Anh lông ngắn (British Shorthair, Aln), Màu sắc: Silver",cái,2 tháng,đã tiêm 2 mũi
371,2d6549a41c2d469894047067a96994eb,Anh lông ngắn,"mèo Anh lông ngắn (British Shorthair), Aln, Màu sắc: red tabby, Giới tính: đực",đực,2 tháng,chưa
372,3925699e42984e5db0be06efa0c79c3e,Anh lông ngắn,"mèo Anh lông ngắn (British Shorthair), Aln, Màu sắc: tam thể red tabby, Giới tính: cái",cái,2 tháng,đã tiêm 2 mũi
373,3fe00414f2394524a635b0dcf5968697,Anh lông ngắn,"mèo Anh lông ngắn (British Shorthair), Aln, Màu sắc: red tabby, Giới tính: cái",cái,2 tháng,chưa
374,40ddb9e455be4410871258f975bba088,Anh lông ngắn,"mèo Anh lông ngắn (British Shorthair), Aln, Màu sắc: tam thể, Giới tính: cái",cái,2 tháng,chưa
375,4a0e782733914fe38b1dae990979a440,Anh lông ngắn,"mèo Anh lông ngắn (British Shorthair), Aln, mèo Anh lông dài (British Longhair) Ald, Munchkin, Scottish, Màu sắc: tam thể, golden shaded, bicolor, Giới tính: cái, đực",cái đực,2 tháng,chưa
376,4cc6ce1d8cd44eb3bb2f48dcf6d9c50a,Ba Tư,"mèo Ba Tư 34, Màu sắc: trắng, Giới tính: cái",cái,2 tháng,chưa
377,4dcb0cdac6c7447d9399b228d1054736,Bengal,"mèo Bengal, Màu sắc: nâu (brown), Giới tính: đực, cái",đực,2 tháng,đã tiêm 2 mũi
378,52205c16a291428face817f31a107178,Munchkin,mèo Munchkin chân ngắn,đực,04 tháng,đã tiêm 2 mũi
379,587b5366b0a44df7965ae83c3ed9011f,Anh lông ngắn,"mèo Anh Lông Ngắn (Aln), Anh lông dài (Ald), Màu sắc: Golden ny25, trắng, Giới tính: đực",đực,12 tháng,đã tiêm 2 mũi
380,59f3626dd8304a24af41abb291720e5e,Anh lông dài,"mèo Anh lông dài (British Longhair), Ald, Màu sắc: tam thể, Giới tính: đực",đực,2 tháng,đã tiêm 2 mũi
381,5b2917718e5b403b814a78960688d23d,Anh lông dài,"mèo Anh lông dài (British Longhair), Ald, Màu sắc: tam thể, Giới tính: đực",đực,2 tháng,chưa
382,60264393964e4dc08227b1d253747166,Scottish,mèo Scottish tai cụp,đực,2 tháng,chưa
383,60f80dd0ba3a4f1ba425f7325b8289d2,Anh lông ngắn,"mèo Anh lông ngắn (British Shorthair, Aln)",đực,6 tháng,đã tiêm 2 mũi
384,63956ff64fa34565a23309a74a41e55b,Anh lông ngắn,"mèo Anh lông ngắn (British Shorthair, Aln)",đực,2 tháng,đã tiêm 2 mũi
385,64e4ade63ab14c15ba9d50595c356a0f,Maine,mèo Maine Coon (mèo Mỹ lông dài),đực,6 tháng,chưa
386,67db283c80de4be1b6fda575816c539d,Anh lông ngắn,"mèo Anh lông ngắn (British Shorthair, Aln)",đực,2 tháng,đã tiêm 2 mũi
387,6ba48f05a688464997b8fb66d24d80b5,Scottish,mèo Scottish Fold,cái,8 tháng,chưa
388,6e954900a5a2426bb33f26c75ba74719,Anh lông ngắn,"mèo Anh lông ngắn (British Shorthair, Aln)",đực,2 tháng,chưa
389,7165a29e35f44d6488fdaa764d7633c2,Maine,mèo Maine Coon,đực,3 tháng,đã tiêm 2 mũi
390,73ae0a26007149afa0689160bfe29f0a,Anh lông ngắn,"mèo Anh lông ngắn (British Shorthair, Aln) & Scottish tai cụp",đực,2 tháng,đã tiêm 2 mũi
391,74470ebb1244404ab11b000fe964709b,SPHYNX,"mèo Sphynx không lông (mèo Ai Cập, nhân sư",đực,2 tháng,chưa
392,75e173e1c63245a495669cfccfbd1b23,Munchkin,mèo Munchkin,cái,2 tháng,chưa
393,77e125b163bd43468a37f1a67ffb0885,Anh lông ngắn,"mèo Anh lông ngắn (British Shorthair, Aln)",đực,2 tháng,chưa
394,78f4a99905c343d087396ab2958a2c57,Scottish,mèo Scottish Fold tai cụp,đực,2 tháng,đã tiêm 2 mũi
395,79f128613dbd45d0a76a14319cedb1d7,SPHYNX,"mèo Sphynx không lông (mèo Ai Cập, nhân sư",cái,2 tháng,chưa
396,7b259c2717694891a66827721f6464a0,Munchkin,mèo Munchkin,đực,2 tháng,chưa
397,823c3ff250474dc984ef4e115273e92d,Anh lông ngắn,"mèo Anh lông ngắn (British Shorthair, Aln)",đực,2 tháng,đã tiêm 2 mũi
398,8307e3ea9c25450b8b9b1322218b3751,Ragdoll,mèo Ragdoll,đực,2 tháng,chưa
399,899f174eea6d4918a9c122d9de88aef9,Scottish,mèo Scottish Fold,đực,25 tháng,đã tiêm 2 mũi
400,8a5d79f02b4842a8b0d835df5a9b1343,Anh lông ngắn,"mèo Anh lông ngắn (British Shorthair, Aln)",đực,2 tháng,chưa
401,8c1073b179c7459f80f115f866d2ccf8,Anh lông ngắn,"mèo Anh lông ngắn (British Shorthair, Aln)",đực,2 tháng,chưa
402,8f820edf15c742d09a68873c0ee8ea7d,Munchkin,mèo Munchkin,đực,2 tháng,chưa
403,903234a5a18a496a96b2e440d9c25b86,Munchkin,mèo Munchkin,đực,5 tháng,chưa
404,90bc4dd02b7947ed8344d92d039f19d3,Anh lông ngắn,mèo Anh lông ngắn (British Shorthair),đực,3 tháng ,chưa
405,913fb5e5862d4c2abe4c7eace1018e6a,Anh lông ngắn,"mèo Anh lông ngắn (British Shorthair, Aln)",đực,2 tháng,đã tiêm 2 mũi
406,93c6d49fe4614ba68c22d4526f607652,Anh lông ngắn,"mèo Anh lông ngắn (British Shorthair, Aln)",đực,2 tháng,đã tiêm 2 mũi
407,97fc148ba02f4adda98a010cfb11a32c,Munchkin,"mèo Munchkin tai cụp, Màu sắc: trắng",đực,2 tháng,chưa
408,9a6a900e0efd4795a4e9467c399d65d7,Munchkin,mèo Munchkin,đực,25 tháng,đã tiêm 2 mũi
409,a0e60e1a12d041c69a698bb9f9d1d8ae,Scottish,mèo Scottish Fold,đực,2 tháng,đã tiêm 2 mũi
410,a7d3694bb15442568caf4bd45649fe92,Scottish,mèo Scottish Fold tai cụp,đực Tuổi: 2 tháng,2 tháng,đã tiêm 2 mũi
411,a83bfc8855454e6993020ebadc66f1a1,Munchkin,mèo Munchkin,đực,2 tháng,chưa
412,a86f784792054687908e9375c874c667,Anh lông ngắn,mèo Anh lông ngắn (British Shorthair),đực,trưởng thành,đã tiêm 2 mũi
413,a8a4361d5dc14d9e9ce2e746630edace,Scottish,mèo Scottish Fold,đực,2 tháng,chưa
414,a92e9d15a30e48a69c0034eda5e1bd79,Scottish,mèo Scottish Fold tai cụp,cái,2 tháng,chưa
415,a9fd1bed3b4f408498524bfc247e9d3a,Munchkin,mèo Munchkin Scottish,đực,12 tháng đực giống,chưa
416,aa9ad790b1b84c8eaeeaa73c28190ec2,Scottish,mèo Scottish Fold,đực,2 tháng,chưa
417,ab30f234dbe24e00819182015e6e99a1,Anh lông ngắn,"mèo Anh lông ngắn (British Shorthair, Aln)",đực,2 tháng,chưa
418,b11ad7b58e7546d8a59f38b49d029cad,Munchkin,mèo Munchkin,đực,12 tháng,chưa
419,b21b76671a084436a4f1ac1e99fe91b5,Xiêm,"mèo Xiêm, Màu sắc: Hyma",đực,2 tháng,chưa
420,b4b2041d33dc474c88b9400aa2ed87a0,Anh lông ngắn,"mèo Anh lông ngắn (British Shorthair, Aln)",đực,2 tháng,chưa
421,b6a51bf3b381438e90cc5385b54c319b,Anh lông ngắn,"mèo Anh lông ngắn (British Shorthair, Aln)",đực,2 tháng,chưa
422,ba8f5af992764d13bd396d0e63e7cee5,Bengal,"mèo Bengal, Màu sắc: nâu đỏ ((brown bengal)",đực,04 tháng,đã tiêm 2 mũi
423,bea13a186c9d4f3c9300eb489f2a6420,Bengal,"mèo báo Bengal, Màu sắc: nâu, Giới tính: đực",đực,02 tháng,chưa
424,c21790099acf4a958b777fc7dc5ab074,Ragdoll,mèo Ragdoll,đực,4 tháng,đã tiêm 2 mũi
425,c26d0636d392439b92e64b3632e84e4c,Ragdoll,mèo Ragdoll,đực,4 tháng,đã tiêm 2 mũi
426,c31e5a3eaa9f4dcea4dd9f856475217c,Ragdoll,mèo Ragdoll,đực,4 tháng,chưa
427,c40236bcb2f7408d8a204f2dbb0b7658,Anh lông dài,"mèo Anh lông dài (British longhair, Ald)",đực,2 tháng,chưa
428,c666b3dcb55e4d6ea61a6fc49f362556,Anh lông dài,"mèo Anh lông dài (British Longhair), Ald, Màu sắc: bicolor lilac (lilac + trắng), Giới tính: đực, Tuổi: 2 tháng",đực ,2 tháng,chưa
429,c6cabdaf0e554336b37978934d1e5d88,Anh lông ngắn,"mèo Anh lông ngắn (British Shorthair, Aln)",đực,2 tháng,đã tiêm 2 mũi
430,c7c349abec684500afad51883a4769bb,Scottish,mèo Scottish Fold,đực,3 tháng,chưa
431,c8fffd8f8cb1498db6dbeb6abc3ee15d,Scottish,mèo Scottish Fold,đực,2 tháng,chưa
432,d35d85da454c4a30993e6fd9f58d3108,Anh lông ngắn,"mèo Anh lông ngắn (British Shorthair, Aln)",đực,2 tháng,chưa
433,d7451e185ab24ca39ad0ac219efad799,Anh lông ngắn,mèo Anh lông ngắn (British Shorthair),đực,02 tháng,chưa
434,dd0030853cb045e6a19d3fcd30fd2820,Scottish,mèo Scottish Fold,đực,2 tháng,đã tiêm 2 mũi
435,debe5d3ccdc844caa3cf07fa8740e439,Anh lông ngắn,"mèo Anh lông ngắn (British Shorthair, Aln)",đực,6 tháng,chưa
436,df0224d7c3cc4a059217a44542d729b4,Scottish,mèo Scottish Fold,đực,2 tháng,đã tiêm 2 mũi
437,e36f1aa71f4f4976b219e369707e8524,Munchkin,mèo Munchkin (chân ngắn) & Scottish (tai cụp),đực,2 tháng,đã tiêm 2 mũi
438,e44cde3d3dd84407aff7bbe7027f31e1,Anh lông ngắn,"mèo Anh lông ngắn (British Shorthair, Aln)",đực,2 tháng,chưa
439,e5713ba094b94404aca5f9962ba24470,Scottish,mèo Scottish Fold,đực,2 tháng,đã tiêm 2 mũi
440,e5d11cfb45a54fa7af76e52c733f007c,Anh lông ngắn,"mèo Anh lông ngắn (British Shorthair, Aln)",đực,2 tháng,đã tiêm 2 mũi
441,e88efdbffcfe4b5ba28df56cc1300b0f,Scottish,mèo Scottish Fold,đực,2 tháng,đã tiêm 2 mũi
442,e98ec0b460854693ad48f3663f4d71e6,Bengal,"mèo Bengal, Màu sắc: nâu đỏ ((brown bengal)",đực,02 tháng,đã tiêm 2 mũi
443,ea7d8e5591e34662b9dc9896d336fc25,Bengal,mèo báo Bengal,cái,2 tháng,chưa
444,eaff200b8f694fa3837cbaf965f9c952,Bengal,mèo báo Bengal,cái,2 tháng,đã tiêm 2 mũi
445,eb27e861aa6f4e199e706a1790113f9e,Bengal,mèo báo Bengal,cái,2 tháng,chưa
446,eb3f3b5e3d884195afe89820fb207f69,Bengal,mèo báo Bengal,đực,2 tháng,đã tiêm 2 mũi
447,f1d9bada093d4230ba82f27d31f69423,Bengal,mèo báo Bengal,đực,2 tháng,đã tiêm 2 mũi
448,f512c1c2c07540ac95a60d324ae5202d,Bengal,mèo báo Bengal,03 cái,2 tháng,chưa
449,f95a6df57f324dd4939e842b3743cc23,Scottish,mèo Scottish tai cụp,đực,2 tháng,chưa
450,fb8324203d65486f9a384874dd457238,Bengal,mèo báo Bengal,đực,8 tháng,chưa
451,fcc920db7588465b98dd202562807a06,Anh lông ngắn,"mèo Anh lông ngắn (British Shorthair, Aln)",đực,2 tháng,đã tiêm 2 mũi
452,fce77d9eab584c32a47bccb82809989a,Bengal,mèo báo Bengal,đực,3-8 tháng,chưa
453,01bf74ad0e25424f931993f4e14cad2e,Bengal,mèo báo Bengal,đực,3 tháng,đã tiêm 2 mũi
454,08126dc7bbb641279cfc7aa750cc9b7d,Bengal,mèo báo Bengal,đực,3 tháng,chưa
455,20bd55515e224ec982919ae989389bf7,Anh lông ngắn,"mèo Anh lông ngắn (British Shorthair, Aln)",cái,10 tháng,đã tiêm 2 mũi
456,2a5ff050bd404abcb6c493dcc5f2725d,Maine,mèo Maine Coon (mèo Mỹ lông dài),đực,3 tháng,chưa
457,3e431e017a5247f1b125f265b09f1973,Munchkin,mèo Munchkin & Scottish,đực,6 tháng,đã tiêm 2 mũi
458,70259742e55a4f62bad4a0a5c263722e,Munchkin,mèo Munchkin (chân ngắn) & Scottish (tai cụp),đực,2 tháng,đã tiêm 2 mũi
459,e40c86948e484756acd387283e8abfe3,Anh lông dài,"mèo Ald, Màu: trắng",đực,04 tháng,đã tiêm 2 mũi
460,ebba05f2174d4df88dc4796913f49fc9,Anh lông ngắn,"mèo Anh lông ngắn (British Shorthair, Aln)",đực,2 tháng,chưa
461,f6897af79ee346438ea19ecd9da963e6,Anh lông ngắn,"mèo Anh lông ngắn (British Shorthair, Aln)",đực,2 tháng,đã tiêm 2 mũi
462,004dfea760294b5e863e08844356d4dc,Anh lông ngắn,"mèo Anh lông ngắn (British Shorthair, Aln)",đực,2 tháng,chưa
463,07c480078661461faf97f430c72de4b8,Scottish,mèo Scottish Fold,đực,3 tháng,đã tiêm 2 mũi
464,0b95deac1d7e48d8918acaea0d074837,Anh lông ngắn,"mèo Anh lông ngắn (British Shorthair, Aln)",đực,2 tháng,chưa
465,0fa36b9162b24aa89c313f2c49422388,Anh lông dài,"mèo Anh lông dài (British longhair, Ald)",đực,2 tháng,chưa
466,0fcb566ad3cc409798d4b64dbc1269ae,Toyger,"mèo Toyger, Màu sắc: Brown Backerel Tabby",cái,06 tháng,đã tiêm 2 mũi
467,104ee19fa1fd4a5d95c2b21b472993cc,Scottish,mèo Scottish Fold,đực,3 tháng,chưa
468,10e20ac34ef1461c8519146098a1f6f8,Scottish,mèo Scottish Fold,đực,3 tháng,đã tiêm 2 mũi
469,1170e4b9ddd748f9abed603769f0af58,Munchkin,mèo Munchkin),đực,2 tháng,đã tiêm 2 mũi
470,125e3ae513774568a30382ce3f2bdffd,Scottish,mèo Scottish,cái,2 tháng,chưa
471,136c6cd094054cfbaaa0c2511006e194,Scottish,mèo Scottish Fold,đực,2 tháng,đã tiêm 2 mũi
472,150d1389afd148ae96e6920b0e7fc7ca,Anh lông dài,"mèo Anh lông dài (British longhair, Ald)",đực,3 tháng,đã tiêm 2 mũi
473,17cda45d6aec4ab6b3b0c1512a869ad1,Scottish,mèo Scottish Fold,đực,2 tháng,đã tiêm 2 mũi
474,1c043a218599416fbbea11045c782f34,Anh lông ngắn,"mèo Anh lông ngắn (British Shorthair, Aln)",cái,12 tháng,chưa
475,1fef7783b27a470f97c86241b7dbd399,Anh lông dài,"mèo Anh lông dài (British longhair, Ald)",đực,2 tháng,chưa
476,20e24f3a7ff54178aa7ddb3bd3b3adac,Scottish,mèo Scottish Fold,đực,2 & 5 tháng,đã tiêm 2 mũi
477,21e4d3a397144140b9093534e27218e1,Anh lông dài,"mèo Anh lông dài (British Longhair, Ald)",đực,2 tháng,đã tiêm 2 mũi
478,231442dbbb3748258cb937e1327a7200,Scottish,mèo Scottish Fold,đực,2 tháng,đã tiêm 2 mũi
479,2403515b7a9d439eac9e3d07850c11a9,Scottish,mèo Scottish Fold,đực,2 tháng,chưa
480,261a65fee8f1433d8b2089d7003dea75,Anh lông ngắn,"mèo Anh lông ngắn (British Shorthair, Aln)",đực,2 tháng,chưa
481,2793971612494eb094aa11ef8485d299,Scottish,mèo Scottish tai cụp,đực,2 tháng,chưa
482,2aafe02d0cc848f2832e40d770d45200,Munchkin,mèo Munchkin Scottish Fold,cái,2 tháng,chưa
483,2c9c5450358d4f96a935b9f665ec085d,Scottish,mèo Scottish Fold,đực,12 tháng,chưa
484,2d54cb321d4a4f3cbc9cc2a72e48e485,Anh lông dài,"mèo Anh lông dài, Màu sắc: bicolor",đực,2 tháng,chưa
485,317d2822f5734c43a99a79c8f6be0a90,Anh lông dài,"mèo Anh lông dài (British longhair, Ald)",đực,2 tháng,chưa
486,375ad86304144ad18077e7b85bc5d3d9,Munchkin,Munchkin tai cụp,đực,2 tháng,đã tiêm 2 mũi
487,38e864d17f224aa3894627d385f9c4f6,Anh lông dài,"mèo Anh lông dài (British Longhair), Ald, Màu sắc: trắng, Giới tính: cái",cái,2 tháng,đã tiêm 2 mũi
488,39cdb116651745d4a763ea4fb9d1d2f2,Scottish,mèo Scottish Fold,đực,2 tháng,đã tiêm 2 mũi
489,3daf6b490ef146c7a96a9bacfb5f24e8,Munchkin,mèo Munchkin,đực,2 tháng,đã tiêm 2 mũi
490,3e81a1f0c4fc40dcafb7c287551ddac6,Scottish,mèo Scottish Fold,đực,2 tháng,chưa
491,42e107ee6d96434f8a8f726b8c882bfe,Scottish,Scottish Fold tai cụp,đực ,5 tháng,đã tiêm 2 mũi
492,462c2c9dc4604007af180cfc19f295a7,Anh lông dài,"mèo Anh lông dài (British Longhair), Ald",đực,trưởng thành,chưa
493,46bb91f6678441a3a436977adae3a2c1,Anh lông dài,"mèo Anh lông dài (British Longhair), Ald",cái,7 tháng,chưa
494,4803a7502863438292061cd2a46b1347,Anh lông ngắn,"mèo Anh lông ngắn, Màu sắc: Hyma",đực,2 tháng,chưa
495,4851f62b4f9648168a63e9d5dc5fa6ae,Munchkin,mèo Munchkin,cái,2 tháng,chưa
496,4ab0db257f1149cbb0fbfd0004dc8613,Scottish,mèo Scottish Fold,đực,2 tháng,chưa
497,4eed70bc753d4bca9f815892cd35fdab,Scottish,mèo Scottish Fold,đực,2 tháng,đã tiêm 2 mũi
498,4f101ea3df9a4302916c9c6ff0bb5f5b,Munchkin,mèo Munchkin,đực,12 tháng,đã tiêm 2 mũi
499,523f7dc627c643a8a18dd76b11523979,Anh lông ngắn,"mèo Anh lông ngắn (British Shorthair, Aln)",đực,12 tháng,đã tiêm 2 mũi
500,54eb4d20a03b4a978c51c25009cd6e64,Scottish,mèo Scottish Fold,đực,2 tháng,chưa
501,5f65b9faf86e4504b4e017638aed53b2,Scottish,Scottish tai cụp,đực,2 tháng,chưa
502,6279b9d471c14f2e9eb5e103dbd23e24,Anh lông ngắn,"mèo Anh lông ngắn (British Shorthair, Aln)",đực,2 tháng,chưa
503,6529c4af61984b75a8bc785357f4cbce,Anh lông ngắn,"mèo Anh lông ngắn (British Shorthair, Aln)",đực,2 tháng,đã tiêm 2 mũi
504,65cade4f6a2f44bc9a098805a5f34a1d,Anh lông ngắn,"mèo Anh lông ngắn (British Shorthair, Aln)",đực,2 tháng,đã tiêm 2 mũi
505,6623b8ca9c3f4dabb4c60ae19d56ec4d,Scottish,mèo Scottish Fold,cái,2 tháng,chưa
506,664c25042a224f9ca7defb30feaf8721,Scottish,mèo Scottish Fold,cái,2 tháng,chưa
507,6776bb5193d34f268e53c6793c9073e7,Scottish,mèo Scottish Fold,đực,2 tháng,đã tiêm 2 mũi
508,685226f644504ad0959b6c6edf02e6b2,Scottish,mèo Scottish Fold,đực,2 tháng,đã tiêm 2 mũi
509,688856a9e39d4e5dbb2fdd58cf3d1dec,Scottish,mèo Scottish Fold,đực,6 tháng,chưa
510,6922091f350f4cc880910007c55d7f59,Anh lông dài,"mèo Anh lông dài (British Longhair), Ald",cái,trưởng thành,đã tiêm 2 mũi
511,69da10cd271241d593d7288dcbe9d47a,Anh lông ngắn,"mèo Anh lông ngắn (British Shorthair, Aln)",đực,3 tháng,đã tiêm 2 mũi
512,6bbdeb7db14d463fac5b8034d1de5b90,Munchkin,mèo Munchkin,đực,12 tháng,chưa
513,6c5f069d0c364cbdb89e03ecc1722a08,Scottish,mèo Scottish Fold,cái,3 tháng,chưa
514,6c9a9a69bdf14a4e84ae46f4ceb199c1,Scottish,mèo Scottish Fold,cái,2 tháng,chưa
515,6ea1566fec024d8786806f14612d86d5,Scottish,mèo Scottish Fold,đực,8 tháng,chưa
516,718aeac171a543c69b83f0e1019b1a0d,Scottish,mèo Scottish Fold,cái,3 tháng,chưa
517,750c4d4511924823b99555a32da90df7,Anh lông ngắn,"mèo Anh lông ngắn (British Shorthair, Aln)",đực,10 tháng,đã tiêm 2 mũi
518,75bb08ae032b436f8c66e86a561a07f2,Scottish,mèo Scottish Fold,đực,2 tháng,đã tiêm 2 mũi
519,769246aa093342f7a25c38c3302a9694,Scottish,mèo Scottish tai cụp,đực,2 tháng,chưa
520,7840e9812f74443a9db46192edd34510,Scottish,mèo Scottish Fold,cái,3 tháng,đã tiêm 2 mũi
521,7ad8c61b63be43a1a3b03252b5bf91c7,Scottish,mèo Scottish Fold,đực,3 tháng,đã tiêm 2 mũi
522,7f98f5914cbd4acc8f203304d1419904,Anh lông ngắn,"mèo Anh lông ngắn (British Shorthair, Aln)",đực,2 tháng,chưa
523,80fa440a39264667860e92065ae8da8d,Anh lông ngắn,"mèo Anh lông ngắn (British Shorthair, Aln)",đực,2 tháng,chưa
524,8117b5b4e9274d2f878c12d17ae9ffa4,Anh lông ngắn,"mèo Anh lông ngắn (British Shorthair, Aln)",đực,2 tháng,đã tiêm 2 mũi
525,83e97509b3364bdb962f2e9dc3e9fff0,Scottish,mèo Scottish Fold,cái,10 tháng,đã tiêm 2 mũi
526,85a0056e48b846cca699634f9d6d2e1f,Munchkin,mèo Munchkin,đực,5 tháng,chưa
527,87dcd13a93104f5a9b61f120c410946b,Munchkin,mèo Munchkin,cái,6 tháng,chưa
528,89af9fbc7e974ec39c3e58a43fcdfe36,Scottish,mèo Scottish Fold,cái,3 tháng,chưa
529,8c780af1f1194d49892eae0a2d5855d2,Anh lông ngắn,"mèo Anh lông ngắn (British Shorthair, Aln)",đực,2 tháng,đã tiêm 2 mũi
530,8df60ed9a5b84fb2abe2838bb213702f,Anh lông dài,"mèo Anh lông dài – Ald (British Longhair) & Munchkin chân ngắn, Màu sắc: trắng, tam thể",đực,2 tháng,đã tiêm 2 mũi
531,90878d49a8e64355b72e9e528a3bbe05,Scottish,mèo Scottish Fold,cái,2 tháng,đã tiêm 2 mũi
532,9245d754af964922878948a5d1401f67,Anh lông ngắn,mèo Anh lông ngắn (British Shorthair),đực,2 tháng,chưa
533,936fa485e4124c6f92023892af55794a,Anh lông ngắn,"mèo Anh lông ngắn (British Shorthair, Aln)",đực,2 tháng,chưa
534,94277e4300364eb88e7227c8b7db729c,Anh lông ngắn,"mèo Anh lông ngắn (British Shorthair, Aln)",đực,2 tháng,chưa
535,945042214fe5491cb4bc9c882c5046ec,Anh lông ngắn,"mèo Anh lông ngắn (British Shorthair, Aln)",cái,2 tháng,chưa
536,9829f92edb0a4753b9a1cd728abeace1,Munchkin,mèo Munchkin,đực (2 bé),6 tháng,đã tiêm 2 mũi
537,988f892db20f45c0933d0a7f1a33542a,Anh lông ngắn,"mèo Anh lông ngắn (British Shorthair, Aln)",cái,2 tháng,chưa
538,99081ceff64a40898c0d6f1e55be5785,Anh lông ngắn,"mèo Anh lông ngắn (British Shorthair, Aln)",đực,3 tháng,đã tiêm 2 mũi
539,99b9bca7982e4ac284cd2d92a58f4e5f,Anh lông ngắn,"mèo Anh lông ngắn (British Shorthair, Aln)",đực,2 tháng,đã tiêm 2 mũi
540,9b0db20424ba4b8b8ff4884cd8029fb7,Scottish,mèo Scottish Fold,đực,2 tháng,chưa
541,9d1043ff18194339925396bc09a82120,Scottish,mèo Scottish Fold,đực,2 tháng,chưa
542,9f3c2a3d2bfe47568c1bcfb7a8ba37e9,Munchkin,mèo Munchkin,đực,12 tháng,đã tiêm 2 mũi
543,a1770ce0a2c143a28df85606ce123d78,Anh lông dài,"mèo Anh lông dài (British Longhair), Ald, Màu sắc: bicolor, Giới tính: đực",đực,2 tháng,chưa
544,a1db70594c074f2dbec401a08577bb4a,Scottish,mèo Scottish Fold lông dài,đực,3 tháng,chưa
545,a3c119bf8fb74279a0b62e1a26ed51b0,Anh lông ngắn,mèo Anh lông ngắn (British Shorthair),cái,trưởng thành,đã tiêm 2 mũi
546,a579b7fd6a0943adb0b4e373a65fb634,Munchkin,"mèo Munchkin chân ngắn xám xanh, Màu sắc: xám xanh",đực,2 tháng,đã tiêm 2 mũi
547,aae7cb12f0b84fc299382ab7022c4bb7,Munchkin,mèo Munchkin chân ngắn),đực,2 tháng,đã tiêm 2 mũi
548,abaa406bfbd64e9f952609fa1d245214,Anh lông ngắn,"mèo Anh lông ngắn (British Shorthair, Aln)",đực,2 tháng,đã tiêm 2 mũi
549,ac3d894a0ab3477cb48f2175bd533d36,Anh lông ngắn,"mèo Anh lông ngắn (British Shorthair, Aln)",đực,12 tháng,đã tiêm 2 mũi
550,ac7b3eafad0749fcb2009f0cfb2669a1,Anh lông ngắn,"mèo Anh lông ngắn (British Shorthair, Aln)",đực,2 tháng,đã tiêm 2 mũi
551,acc7b5cddb1a417bbb52f708798f4ea8,Anh lông ngắn,"mèo Anh lông ngắn (British Shorthair, Aln)",đực,2 tháng,đã tiêm 2 mũi
552,af1509f6e5294b6a80ef2812adcbca3e,Anh lông ngắn,"mèo Anh lông ngắn (British Shorthair, Aln)",đực,2 tháng,chưa
553,b2e012247435420aba425952c0ca87af,Munchkin,mèo Munchkin,đực,2 tháng,đã tiêm 2 mũi
554,b977f27804e54bfba2f46727d3e30471,Anh lông ngắn,"mèo Anh lông ngắn (British Shorthair, Aln)",đực,04 tháng,đã tiêm 2 mũi
555,bb0005a7e58345a49a0e4784c72bdb90,Anh lông ngắn,"mèo Anh lông ngắn (British Shorthair, Aln)",đực,2 tháng,chưa
556,bb418074e49a419ea9b34b33579fec5f,Munchkin,Munchkin tai cụp,đực,12 tháng,chưa
557,bffc7dd23a7a4daa87c3ed408caa24c8,Anh lông ngắn,mèo Anh lông ngắn (British Shorthair),đực,3 tháng ,chưa
558,c19a867d556b4671bcad067934e5adfc,Munchkin,mèo Munchkin,đực,12 tháng,đã tiêm 2 mũi
559,c31d8a4bf1274300a2923c7957c0d4a1,Anh lông ngắn,"mèo British Shorthair (Anh lông ngắn, Aln)",đực,2 tháng,chưa
560,c869b765ceb048c09ba49b91a823d939,Anh lông dài,"mèo Anh lông dài (British Longhair), Ald, Màu sắc: bicolor, Giới tính: đực",đực,2 tháng,chưa
561,cabb4233bdfa4039a1e2dc03422645b9,Anh lông ngắn,"mèo Anh lông ngắn (British Shorthair, Aln), Scottish tai cụp",đực,2 tháng,chưa
562,cb5ee6291b944f57afab640ac73532a3,Anh lông ngắn,"mèo Anh lông ngắn (British Shorthair, Aln)",đực,2 tháng,chưa
563,ce0a33ace4d34577974113b14175301c,Munchkin,mèo Munchkin,đực,2 tháng,chưa
564,ce867e599b164a1d96abf04d13eae2e8,Munchkin,mèo Munchkin,đực,2 & 5 tháng,chưa
565,d03fe4e6f6e543ed999238c683c3eff6,Scottish,mèo Scottish Fold,cái,3 tháng,đã tiêm 2 mũi
566,dd4162cb3a7141a29fff28a59088052e,Scottish,mèo Scottish (tai cụp),đực,trưởng thành,đã tiêm 2 mũi
567,dec3bcda85d649f183c4850d9f7e5ff7,Munchkin,mèo Munchkin (chân ngắn),đực,05 tháng,đã tiêm 2 mũi
568,df9c3f1eab93412394a726606203cf1d,Anh lông ngắn,mèo Anh lông ngắn (British Shorthair),cái,02 tháng,chưa
569,dfb760fd0ce7466fb995ff61feffef79,Scottish,mèo Scottish Fold,đực,2 tháng,chưa
570,e4ca4124f40d475d9ff7aa471d2f2ecb,Anh lông ngắn,"mèo Anh lông ngắn (British Shorthair, Aln)",đực,2 tháng,đã tiêm 2 mũi
571,e59f9db1c13e41b6b1f1140d7c05ed9e,Anh lông ngắn,mèo Anh lông ngắn (British Shorthair),đực,4 tháng,chưa
572,e701590d823243dcb6fdb3bdeb977c57,Anh lông ngắn,"mèo Anh lông ngắn (British Shorthair, Aln)",đực,2 tháng,chưa
573,e8751887886f4f3c9923c3625786fa0b,Anh lông ngắn,"mèo Anh lông ngắn (British Shorthair, Aln)",đực,2 tháng,chưa
574,e95287e3e90f48fa8d0240bb149318fc,Munchkin,mèo Munchkin,đực,2 tháng,đã tiêm 2 mũi
575,e9915e4450b2401eb9d29fa9def25bb1,Scottish,mèo Scottish Fold,đực,3 tháng,đã tiêm 2 mũi
576,e9c1dbeab85b424d8cd826770e5611f1,Anh lông ngắn,"mèo Anh lông ngắn (British Shorthair, Aln)",đực,2 tháng,đã tiêm 2 mũi
577,ea92ad9ab2a74e109819962b3baff090,Anh lông ngắn,"mèo Anh lông ngắn (British Shorthair, Aln)",đực,2 tháng,đã tiêm 2 mũi
578,ec63284fbe494a6db60a495326ef7ff0,Munchkin,mèo Munchkin,đực,2 tháng,chưa
579,ec787079ce1643e5b976058324c0a3ca,Anh lông ngắn,"mèo Anh lông ngắn (British Shorthair, Aln)",đực,02 tháng,chưa
580,edcc3bf4ebed4959976b69bbbf45d7cf,Scottish,mèo Scottish Fold,cái,3 tháng,chưa
581,edf9622c90f84156a3563571bb73718e,Anh lông dài,"mèo Anh lông dài (British Longhair), Ald, Màu sắc: bicolor, Giới tính: đực",đực,2 tháng,đã tiêm 2 mũi
582,f0826ebce36245c4939d794194ce51c6,Anh lông ngắn,"mèo Anh lông ngắn (British Shorthair, Aln)",đực,2 tháng,đã tiêm 2 mũi
583,f16b7b35d9d94b16957d1624c5d0ade6,Anh lông dài,"mèo Anh lông dài, Màu sắc: bicolor",đực,12 tháng,đã tiêm 2 mũi
584,f1e20cb348ad43748ba4e2ce0c255abf,Anh lông dài,"mèo Anh lông dài (British Longhair), Ald",cái đực,2 tháng,chưa
585,f503baf9abff49ce864e8d78219fe8ca,Anh lông ngắn,"mèo Anh lông ngắn (British Shorthair, Aln)",đực,2 tháng,chưa
586,fa7f67f8aaa3440580152a39abe380aa,Munchkin,mèo Munchkin,đực,2 tháng,chưa
587,fb919f8cf8e14ce09eaeac78cc637560,Munchkin,mèo Munchkin,đực,2 tháng,chưa
588,fe8ccab4647b40ab94173d0dd78fe093,Munchkin,mèo Munchkin,đực,2 tháng,đã tiêm 2 mũi
589,316474aaadd64fbb935de82675479626,Anh lông ngắn,"mèo Anh lông ngắn (British Shorthair, Aln) & Scottish Fold tai cụp",đực,2 tháng,đã tiêm 2 mũi
590,36a95349b9cf4588acb97c380a56ef37,Munchkin,mèo Munchkin,cái,3 tháng,chưa
591,7417346d31db4eae9b5734b6e7685b85,Scottish,mèo Scottish Fold,đực,2 tháng,chưa
592,be9cca35178745f1a5b3ec23c8eeb236,Scottish,mèo Scottish Fold,đực,4 tháng,chưa
593,653f6542fcd24c93b800026f8a8246d8,Scottish,mèo Scottish Fold,đực,2 tháng,đã tiêm 2 mũi
594,9db7c6bebeeb4ec98c5d9ee0ce3a1be6,Munchkin,mèo Munchkin,đực (đàn 3 bé),2 tháng,đã tiêm 2 mũi
595,ba792cb5f9a349faa6a88c786659b991,Anh lông ngắn,"mèo Anh lông ngắn (British Shorthair, Aln)",đực,2 tháng,đã tiêm 2 mũi
